name,N,board_1,board_2,solution,score,tier,is_solved
puzzle_21101,6,AAABBBAACBBDCACDBDCCCDDDEEEFFFEEEFFF,ABBCCCABBBBCAAADCCEADDFFEEDDFFEEEDFF,x........x.......x..x.......x..x....,54,Medium,True
puzzle_47073,6,AAABBBACCBBBAACCCCDDDEEEDFFEEEDDFFFF,AABCCCABBCCCABBDDDAABDDEFFFDEEFFFEEE,.x.........x..x.......x.x........x..,56,Medium,True
puzzle_82440,6,AABBBCAAABBCADEBCCDDEECCDFFEEEDDFFFF,ABBCCCAABDCCAABDDCEABDDDEEBFFFEEEFFF,...x...x........x...x...x..........x,56,Medium,True
puzzle_71818,6,AAAAABACCCCBCCDDBBDDDDBEFFFEBEFFFEEE,AAAABBCAACBBCCCCBBDDDDEEDDEEEEFFFFFF,.x.......x.......xx.......x.......x.,57,Medium,True
puzzle_30433,6,AABBCCAABCCCAABBBCDDEEEFDDEEFFDDEFFF,AABBBBAABCDBAACCDECCCDDEFFFDEEFFFDEE,....x.x.......x........x...x...x....,59,Medium,True
puzzle_68173,6,ABCCCDABCCCDABBDDDAABBDEAFFFEEFFFEEE,AAABBBAAABBBCCCDDEFCCDEEFCFDEEFFFDDE,...x..x.........x...x........x.x....,61,Medium,True
puzzle_92294,6,AABCDDAABCDDAABCDDEBBCCFEBEFCFEEEFFF,ABBCCDABBCCDAABCEDAABCEDFEEEEDFFFFFD,...x..x.........x...x........x.x....,61,Medium,True
puzzle_43712,6,AABBCCAABBCCAABBCCDDEEEEDDEEFFDDFFFF,AAAAABCADDDBCDDDBBCCEEBBFCCEEEFFFFFE,x.......x........x...x...x........x.,62,Medium,True
puzzle_69023,6,AAAAAABBBBBBCCCCCCDDDDEEFFDDEEFFFFEE,AAABBBCCAABDCCABBDCCEEDDEEEDDFEFFFFF,.....x...x..x.......x.......x..x....,62,Medium,True
puzzle_70044,6,AABBBBAABBCCDAAECCDEEECCDDEFFFDDEFFF,AAABBBACCDBBAACDBDCCCDDDEEEFFFEEEFFF,...x..x..........x..x.......x..x....,63,Medium,True
puzzle_42995,6,AAABCCDAABCCDABBCCDBBEEEDEEEFFDDFFFF,AAABBBAAABBBCCCCCCDDDDEEFDDFEEFFFFEE,.x........x...x...x........x.......x,67,Medium,True
puzzle_10958,6,AAABBBAAABBBCCCCDDEECCDDFEEEEDFFFFFD,AAAABBAABBBBCCCCCCDDDDEEDEEEEFDFFFFF,x........x.......x..x.......x..x....,68,Medium,True
puzzle_43790,6,ABBCDDABBCDDABECDDABECCFAAEFCFEEEFFF,ABBBCCABBCCCADBECEADDEEEADFFFEADDFFF,.x.......x.......x..x...x.........x.,69,Medium,True
puzzle_66921,6,AAABBBAAABBBCCDEEFCCDEFFCDDEFFCDDEEF,AAABBBABBBCDAAEECDFFEECDFFECCDFFECDD,...x..x.........x..x.........x..x...,69,Medium,True
puzzle_3249,6,AAAABBAACCBBCCCDBBCDDDEEFFFDEEFFFDEE,AABBBBACCCBBAAACCCDEEEEFDEEFFFDDDDFF,.x.........x...x..x.......x.......x.,71,Medium,True
puzzle_30286,6,AAABBBACABBBCCADDDCCEDDDCEEFFFEEEFFF,ABBBCCAAABCCDABBCCDAEEEFDDEFFFDDEEFF,..x.......x..x.......x.......xx.....,71,Medium,True
puzzle_50719,6,AABBCCAABBCCAABBDCEEFFDCEEFDDDEEFFFD,AAABBBAAABBCDDEBCCDDEFCCDDEFCFEEEFFF,.....xx.......x.......x..x.......x..,71,Medium,True
puzzle_58574,6,AABCCCAABBCCAABBDCEEBDDDEEDDFFEEFFFF,AABBCCAABBCCAADBBCDDDEECFFDDEEFFFFEE,...x..x.......x........x.x........x.,71,Medium,True
puzzle_10570,6,AAAABBAACCCBCCCDDBEDDDBBEDEFFFEEEFFF,AAABBBAAACBBDDDCBCDDDCCCEEEFFFEEEFFF,..x........x.x.......x..x.........x.,73,Medium,True
puzzle_14782,6,AAABBBAAABBBCCDDDDCCCDDECFFFEEFFFEEE,AAAABCAADDBCDDDBBCDEBBCCEEFFCFEEEFFF,..x........xx........x...x........x.,73,Medium,True
puzzle_39325,6,AABCCCAABDDCAABDCCBBBDDEFFFEDEFFFEEE,AAABBBAABBBCADDDECDDDEECFFFEECFFFECC,...x..x.......x.......x..x.........x,74,Medium,True
puzzle_62178,6,AAABCCAADBCCADDBBCEEDDBCEEFDBFEEFFFF,AAABBBAAABBBCCCDEECCCDDEFFFDDEFFFDEE,.....x.x........x...x...x........x..,74,Medium,True
puzzle_4882,6,AABCCCAABDDCABBDCCABDDEEFBDFEEFFFFEE,AABBCCAABBCCAABBCCDDEEEEDDFFFEDDFFFE,....x.x........x...x.........x..x...,76,Medium,True
puzzle_27660,6,AAABBBAAABBBCCCDDDCCCDEDFFFEEDFFFEEE,AABBBCABBBCCAAACCCDDDDEEDDFFFEFFFEEE,.x.......x.......xx.......x.......x.,76,Medium,True
puzzle_39204,6,ABBBBCABBDDCADDDCCADEECFAEEFCFAEEFFF,AABBCCAABBCCAABBCCDDEEFFDDEFFFDDEEEF,...x..x.........x..x.........x..x...,76,Medium,True
puzzle_92575,6,AAABBBAAABBBCCCDDDCCCDEDFFFEEDFFFEEE,ABBBCCAABBCCAABDCCADDDEEDDFFFEFFFEEE,.x.........x...x..x.......x.......x.,76,Medium,True
puzzle_27798,6,AAAABBCDAABECDDDBECCDFBECCDFBEFFFFEE,AABBCCAABCCCAABBBCDDDDEEFFFDDEFFFEEE,..x.......x..x.......x..x..........x,77,Medium,True
puzzle_44073,6,ABBCCCABBCCCAABDDDEABDDDEAEFFFEEEFFF,AAAABBACDDBBACDDBBCCDEEECCDEEEFFFFFF,..x........x...x...x........x.x.....,77,Medium,True
puzzle_31314,6,ABBBBBABCCCCACCDDDAAEEEDAEEFEDFFFFFD,AABBBBAABCCCAABCCCDDEEEFDDEEFFDDEFFF,..x.......x.x........x.......x.x....,79,Medium,True
puzzle_41918,6,AAABBBAAABBBCCCDDDCECDDDCEEFFFEEEFFF,AAABBBAACBBBADCEEEDDCCCEDFFCEEDDFFFF,x.........x..x.......x.......x..x...,79,Medium,True
puzzle_11587,6,AAABBBAAABBBCDDEEECDDEEECCDFFFCCDFFF,AABBBCABBDDCABEDDCAEEDDCAEFFCCEEFFFF,.....x.x........x...x...x........x..,81,Medium,True
puzzle_50830,6,AABBBBACCCBBAADCCCAEDDDDEEFFDFEEEFFF,AAABBBAACBBBCACDDDCCCDDDEEEFFFEEEFFF,...x..x.........x...x........x.x....,81,Medium,True
puzzle_3325,6,AAABBBAAABBBCCCDDDCECDDDCEEEFFEEFFFF,AABCCDAABBCDAABBCDEEEBCDEFFFCDEEFFFD,....x..x.......x..x.......x........x,82,Medium,True
puzzle_4472,6,ABBBCCAAABCCDABBCCDAEEFFDDEEFFDDEEFF,AAABBCADABBCDDABCCDDEBCCDEEFFFEEEFFF,..x.......x..x.........x...x..x.....,82,Medium,True
puzzle_20189,6,AAABBBAAABBBCCCDDDCCCDEDFFFEEDFFFEEE,AAAAAABBCCCCBDDDCCBDDDEEBBFFFEFFFEEE,.x.........x...x..x.......x.......x.,82,Medium,True
puzzle_24465,6,AAAABBCCCAABDECCBBDEECBFDEEEFFDDDFFF,AABCCCAABDCCAABDECBBBDEEFFFDEEFFFDDE,x..........x...x...x........x...x...,82,Medium,True
puzzle_62383,6,AAABCCADABCCADDBBCEEDDBCEEEDBFEFFFFF,AABBCCAABBCCAABBCCDDEEEFDDEFFFDDEEFF,.x.......x.......x..x...x.........x.,83,Medium,True
puzzle_19486,6,AABBBBABBCCCACCCDDAADDDDEEEFFFEEEFFF,AABBCCAAABCCDABBCCDDEBFFDEEEFFDDEEFF,....x.x.......x........x...x...x....,85,Medium,True
puzzle_2401,6,AAABBBCDAAABCDDEBBCCDEEECCDDFEFFFFFE,AAABBBAAABBCDDDCBCDDDCCCEEEFFFEEEFFF,....x...x...x..........x...x...x....,86,Medium,True
puzzle_27764,6,AAAABBACCABBCCCCBBDDEEFFDDEEFFDDEEFF,AAABBBCCABDBCAABDDCEEFFDCEFFFDCEEEFD,....x.x.......x........x...x...x....,86,Medium,True
puzzle_51432,6,AAABCCAAABBCDDDBCCEEDBBCEEDFFFEEDFFF,AAABBBACCBDBAACCDBEECCDDEFFFDDEEEFFF,.x.........x..x.......x.x........x..,88,Medium,True
puzzle_95043,6,AABBBBAACCBBAACCCCDDDDEEFFFDEEFFFDEE,AAAABBAABBBCDEBECCDEEECCDDEFCFDDFFFF,.....x.x.......x..x.........x...x...,89,Medium,True
puzzle_17178,6,AABBCDAABBCDAABCCDEEBCDDEEFCDFEEFFFF,AAABCCAAABCCDEEBCCDDEBBFDDEBFFDEEFFF,..x........x.x.......x..x.........x.,90,Medium,True
puzzle_11472,6,ABBBBCAABBCCAADDCEFADCCEFFDDEEFFFDEE,AAABCCAAABCCDDDBBCDDDBBCEEEFFFEEEFFF,..x........x...x...x........x.x.....,91,Medium,True
puzzle_34271,6,AABCCDAABCCDABBBCDABEECDFFFEEDFFFEED,AABCCCAABBCCAADBBCDDDBEEDFFFEEDFFFEE,x........x.......x.x........x...x...,92,Medium,True
puzzle_3055,6,ABBBBCABBDCCADDDCCAADEECFADEEEFFFFFE,AABCCCAABBCCAABBBCDDEEEEDDEEFFDDFFFF,...x..x.........x...x........x.x....,93,Medium,True
puzzle_34620,6,AAABBBAAABBCDDDCBCDEDCCCEEDFFFEEEFFF,AAABBBAACBCBDACCCBDEECFFDEEEEFDDDFFF,....x.x.......x........x...x...x....,94,Medium,True
puzzle_8025,6,AABCCCAABCCCAABBBBDDDDEEFFDDEEFFFFEE,ABBBBCABBCCCAADDDCADDEDCAEEEFFEEFFFF,...x..x..........x..x.......x..x....,95,Medium,True
puzzle_7085,6,AAABBBCCAAABCCCCBBDEEEEFDDEEFFDDDFFF,AAABBBAAABBCDEEEBCDDEECCDDEFCCDFFFFF,....x...x...x........x.......x.x....,96,Medium,True
puzzle_6238,6,AABBCCAABDCCABBDCCABDDDDEEEFFFEEEFFF,AAAABCAABBBCDEBBCCDEEECCDDEFFFDDEFFF,x.......x........x...x...x........x.,97,Medium,True
puzzle_93511,6,AAABBBAACBBBCACDDDCCCDDDEEEFFFEEEFFF,AABBBBACCCBBADDCCCAEDDDFAEEFDFEEEFFF,...x..x.........x...x........x.x....,98,Medium,True
puzzle_43914,6,ABBCCCABBDDCABBDCCAAEDDFEAEFDFEEEFFF,AABBCCAABBCCAABBCCDDDEEEDDDEEEFFFFFF,....x..x.......x..x..........x..x...,99,Medium,True
puzzle_1156,6,AAAAABCCCCABDDDCBBDDDCBBEEEFFFEEEFFF,AABBBCAABCCCAABCDDEEBCDDEEEEFDFFFFFD,.x.......x.......x..x...x.........x.,100,Medium,True
puzzle_1953,6,AAABBBAAACBBCCCCCBDDEEFFDDDEFFDEEEFF,ABBCCCABBBBCAAAACCDDEEFFDEEEEFDDDFFF,..x........x.x.......x..x.........x.,101,Medium,True
puzzle_3527,6,AABBBBAAAACBCCCCCBDDEEEEDDEFFFDDEFFF,AAAAABCADDBBCDDEBBCDEEBFCDEEFFCCEFFF,...x..x.........x..x.........x..x...,102,Medium,True
puzzle_10010,6,AABCCCAABBCDAEEBCDAEBBCDFEEEDDFFFFFD,AAABBBAAABBBCDDEEECDDEFFCCDEFFCCDEFF,....x..x.......x.......x..x...x.....,103,Medium,True
puzzle_5248,6,AAABBBACABDBACCBDDEECFFDEECFFDEECFFD,AAAABBCAABBBCCCDDBCCDDDDEEEFFFEEEFFF,...x..x..........x..x.......x..x....,104,Medium,True
puzzle_9518,6,AABBCCAABBCCDABBCCDAEEEEDFFFEEDDDFFF,AAABBCAAABCCDDDBCCDEDBBCDEEFFFEEEFFF,....x.x.......x........x...x...x....,105,Medium,True
puzzle_1687,6,AAABBBACAABBCCDDDBCEEDDFCEEDFFCEEFFF,AAABBBAABBBCACCCCCDDDDEEFFFDEEFFFDEE,x.........x..x.......x.......x..x...,106,Medium,True
puzzle_4904,6,AABBBBAACCBBADDCCEADCCEEDDDFEEFFFFFE,AAABCCAAABCCDEEBCCDEEBBBDDEFFFDDEFFF,...x...x.........x..x...x.........x.,107,Medium,True
puzzle_15068,6,AABCCDAABCDDAABCCDEBBCDDEBEFFFEEEFFF,AAAAAABBBCCDBBCCCDBEECDDFEEEEDFFFFFD,....x.x.......x........x...x...x....,108,Medium,True
puzzle_8399,6,AABBBBABBCCCADDCCCADDDDEAFFFFEFFEEEE,AAABBBAAABBBCDDEEECDDEEECCDFFFCCDFFF,...x..x.........x...x........x.x....,110,Medium,True
puzzle_4169,6,AAABBBACABCBACCCCBDDEEFFDDEEEFDDEFFF,AAABBBCAABBBCACDDDCCCDDDEEEFFFEEEFFF,.x.........x...x..x.......x.......x.,111,Medium,True
puzzle_4860,6,AAABCCAABBCCABBBDCEEDDDCEEDFFFEEDFFF,AABBBBAAAABBCCCDDDEECCCDEEFFDDEEFFFF,...x...x.........x..x...x.........x.,112,Medium,True
puzzle_7641,6,AABBBBAABBCCDAAECCDEEECFDDEFCFDDEFFF,AAABBBAAABBBCDDDEECCCDDECFFFDECFFFEE,.x.......x..x.........x...x........x,113,Medium,True
puzzle_7851,6,AAAAABCCABBBCCCCBBDDEEFFDDEEFFDDEEFF,AAABBBAAABCBDDEECBFDDECCFDDEECFFFFEC,x..........x..x.......x..x.......x..,114,Medium,True
puzzle_1147,6,AABBBBAABCDDEABCDDEACCDDEECFFFEECFFF,AAAABBAACCBBDDDCBBDEECFFDEECFFDEECFF,..x........x...x...x........x.x.....,115,Medium,True
puzzle_5524,6,ABCCDDABCCDEABCDDEABCDFEABBFFEAFFFEE,AAABCCAAABCCDDDBBCDDDBBCEEEFFFEEEFFF,..x........x...x...x........x.x.....,116,Medium,True
puzzle_4867,6,AAABBBAAACBBDDCCCBDCCEFFDEEEEFDDEFFF,AAAABBCCAABBCCDDBBCCDDDDEEEFFFEEEFFF,.x.........x...x..x.......x.......x.,117,Medium,True
puzzle_8335,6,AABBBBABBCCCADDCCCADDDEEAFFDEEFFFFEE,AAAABBAABBBBCDDEEECDDEEFCCDEFFCCDFFF,..x........x.x........x.x........x..,118,Medium,True
puzzle_17488,6,AAABBBCAABBBCCADDDCCEDDDECEFFFEEEFFF,AABBBCAABBBCADCCCCADEFFFDDEFFFDDEEEE,x........x.......x.x........x...x...,119,Medium,True
puzzle_21307,6,ABBBCCADBBBCADDDCCAADDCEAFFFEEFFFEEE,AAAABBAABBBBCCCDEECCCDEEFFFDDEFFFDDE,x........x.......x..x.......x..x....,120,Medium,True
puzzle_44212,6,AAAABBAACCBBDDDCBBDDDCCEFFFCEEFFFEEE,AAABCDAABBCDABBCCDEEBCFDEEFCFDEEFFFD,..x........x.x.......x..x.........x.,121,Medium,True
puzzle_2433,6,AAABBBCCABBBCCAADDCCEEDDFFFEEDFFFEED,AABBBBAACCBBAADCCCDDDECFDDEEFFEEEFFF,....x...x...x........x...x.........x,122,Medium,True
puzzle_6479,6,AAAABCAADDBCDDDBBCEEDBCCEEFBFCEEFFFF,AABBCCAAABCCABBBCCDDEEEFDDEEFFDDEFFF,..x........xx........x...x........x.,123,Medium,True
puzzle_32014,6,ABBBCCAAABCCAABBCCDDEEEEDDEFFFDDEFFF,AAABCCABBBCCAABBCCDDEEEFDEEFEFDDDFFF,...x..x.........x...x........x.x....,124,Medium,True
puzzle_16418,6,ABCCCCABCCDDABBDDDAABDEEFABEEEFFFFFE,AABCCCAABCCCAABDDEFBBDEEFFBDEEFFFDDE,...x..x.........x...x........x.x....,125,Medium,True
puzzle_1729,6,AABBBCAABCCCAABDCCEEBDFFEEDDFFEEDDFF,AABCCDAABCDDAABCCDEBBFCDEBFFFDEEEEFF,...x..x..........x.x........x...x...,126,Medium,True
puzzle_15621,6,AAABBBCCAAABCCCCDBEEFFDBEEFFDDEEFFDD,AAABBBAAABBCDDEEBCDDEECCDDFEECFFFFFC,....x...x...x........x.......x.x....,127,Medium,True
puzzle_11335,6,ABBCCCABBCCCAABDDDAABDDDEEEEFFEEFFFF,AAABBBAACCCBADCCBBDDCEEEDFFFEEDDFFFE,....x..x.......x..x.......x........x,128,Medium,True
puzzle_4212,6,AAAABBACCCBBACCCBBDEEEEEDEDFFFDDDFFF,ABBBBBABCCDDAACCDDAECCDDAEEEFFEEFFFF,..x.......x..x.......x.......xx.....,130,Medium,True
puzzle_34898,6,AAABBBAAABBBCCCDEECDDDEECDDFFECFFFFE,ABBCCCABDDDCABDDDCABBEECAAFEEEFFFFFE,....x..x.......x..x..........x..x...,131,Medium,True
puzzle_4853,6,AAABBBAACBBBACCDDDECCDDFECEFDFEEEFFF,AABBCCAABCCCAABBBCDDDEEEFDDDEEFFFFFE,....x.x........x...x.........x..x...,132,Medium,True
puzzle_30695,6,AABBCCAABBCCAABBCCDDDDEEFFDDEEFFFFEE,AABCCCAABCCDABBBCDAEEBDDEEEDDFEFFFFF,.....xx........x...x........x...x...,133,Medium,True
puzzle_3738,6,ABBBCCAAABCCAADBCCEEDBFFEDDDFFEEEDFF,ABBCDDAABCDDABBCDDABECCCAEEFFFEEEFFF,..x.......x.x..........x...x...x....,134,Medium,True
puzzle_7362,6,AABCCCAABBCCAABBBCDDEEEEDDEEFFDDFFFF,ABBBCCABBDCCABDDCCAADEEEFADDEEFFFFFE,...x..x.........x...x........x.x....,135,Medium,True
puzzle_790,6,AABBBBABBCCCAADDCCEADDDCEEDFFFEEEFFF,AAABBCAAABBCDDEBCCDDEBCCDEEFFFDEEFFF,..x........xx........x...x........x.,136,Medium,True
puzzle_8057,6,AAAABBAACCCBDDDCBBDDCCBEDFFFEEFFFEEE,AAAABBCCAABBCCCDBBEECDFFEEDDFFEEDDFF,..x........xx........x...x........x.,137,Medium,True
puzzle_28915,6,AAAABBAABBBBCCDDDDCEEEDDCFFEEECCFFFF,AAABCCAAABCCDDDBCCEDDBBBEEDFFFEEEFFF,.x.......x.......x..x...x.........x.,138,Medium,True
puzzle_15194,6,AABBCCADDBCCADDBCCADEBFFADEBFFEEEEFF,AAABBBACCBBBAACCCCDDEEEEDDEEFFDDFFFF,....x...x...x........x.......x.x....,139,Medium,True
puzzle_10011,6,AAABCCAAABCCDEBBCCDEEBBFDDEEFFDDEFFF,AABBCCAABBCCADBECCADBEFFDDDEFFDEEEFF,.x........x...x........x...x..x.....,140,Medium,True
puzzle_19148,6,AAABBCAAABBCDDDBCCDDDBCEFFFFCEFFEEEE,AAABCCAAABCCDDBBCCDDBBEEDDFEEEFFFFFE,...x...x........x.x.......x........x,141,Medium,True
puzzle_64111,6,AABCCCAABCCCAABBBBDDDDDEDFFFEEFFFEEE,AAAAABCADDDBCCCDDBCECDBBEEFFBFEEEFFF,..x........xx........x...x........x.,142,Medium,True
puzzle_3339,6,AAAAAABBCCDDBEECCDBEECCDBEFFFDBEFFFD,ABBBBBAAACCBAACCDDEECDDDEECFDFEEFFFF,..x...x........x.......x.x........x.,143,Medium,True
puzzle_1327,6,AAABBBAAABBBCDDEEECDDEEECCDFFFCCDFFF,AABBBBABBCCDACCCDDACDDDEAFFEEEFFFFEE,...x..x.......x.......x..x.........x,144,Medium,True
puzzle_1472,6,AAAABBAABBBBCCCDEECCCDEEFFFDDEFFFDDE,ABBBCCAABBBCAADDCCAEDDCFEEDDFFEEEFFF,x........x.......x..x.......x..x....,145,Medium,True
puzzle_10843,6,AABBBCAAAABCDDEBBCDDEECCDEEEFCDFFFFF,ABBBCCAAABCCAABBCCDDEEFFDDEFFFDDEEEF,...x...x.........x..x.......x.x.....,146,Medium,True
puzzle_40576,6,AAABBBAAABBBCCDDDDCCEEDDCCEFFFEEEFFF,AAABBBACAABBDCCEEBDDCEEEDCCEFFDDFFFF,.x.........x...x..x.......x.......x.,147,Medium,True
puzzle_7295,6,AABCCCABBBCCADDBBCAADDDEFFFEDEFFFEEE,AAABBBAAABBBCDDEEFCDDEEFCCDEEFCCDFFF,...x..x.........x...x........x.x....,148,Medium,True
puzzle_2500,6,AABBBBAACBBCAACCCCDDEEEFDDEEEFDDFFFF,AAAABBCAABBBCCCBDDCCEEEDEEEFFDFFFFDD,....x...x...x........x.......x.x....,149,Medium,True
puzzle_42500,6,AAAABBAACCBBCCCCDBEEEDDBEEEFDDFFFFFD,AAABBBAAABBCDDDBCCDDDECCEEEECFEFFFFF,.....xx.......x.......x..x.......x..,116,Hard,True
puzzle_7245,6,AAAABBAACCBBCCCDBBEECDDDEFFFDDEEEFFF,ABBCCCABBCDDABBCDDAAACDDEEEFFFEEEFFF,....x.x.......x........x...x...x....,119,Hard,True
puzzle_81486,6,AABCDDAABCDDEABCCDEABCCDEEBBFFEEFFFF,AAABBBAAABBBCCCDDECFFDDECFDDEECFFFEE,..x........x...x...x........x.x.....,119,Hard,True
puzzle_86361,6,AAABBBAAABCBDDCCCBDDDDCCEEEFFFEEEFFF,AAABBBAABBBCADDDCCEEDFFCEEDFFCEEDFFC,.....x.x........x...x...x........x..,121,Hard,True
puzzle_30011,6,AAABCCAABBCCABBBCCDEEEFFDDDEFFDDEEFF,AABCCCAABCCCABBDDEABDDDEFBDFEEFFFFEE,....x...x...x........x.......x.x....,122,Hard,True
puzzle_73643,6,AAAABBCCDABBCDDABECDFFBECDFFEECDFFEE,ABCCCCABBBCCAABDDDAABDDDEEEFFFEEEFFF,...x..x.........x...x........x.x....,122,Hard,True
puzzle_6270,6,AAAABBAABBBBCDDDDDCDEEFFCCEEEFCCEFFF,AABBCCAABBCCADBBCCADDDEEDDFFEEFFFFEE,....x..x.......x.......xx.......x...,124,Hard,True
puzzle_11686,6,AABBBCAAABCCADBBCCDDEEECDFFFEEDDFFFE,ABBCCCABBCCCAABDDDAABDDDEEEEFFEEFFFF,...x...x........x.x.......x........x,126,Hard,True
puzzle_12495,6,AAABBBAAACBBDCCCCBDCEEEEDFFFEEDDDFFF,ABBCCCABBCDDAABCDDAEBCDDAEEFFFEEEFFF,....x.x.......x........x...x...x....,126,Hard,True
puzzle_25320,6,ABBCCCABBDCCAABDDCEABDFFEADDFFEEEEFF,AABBBCAABBBCAADDCCEEDDDCEEEFDCEFFFFF,..x........x.x.......x..x.........x.,127,Hard,True
puzzle_10233,6,AAABCCAAABCCBBBBCCDDEEFFDDDEFFDEEEFF,ABBCCCABBCDCAABDDCEABDFFEADDFFEEEEFF,..x........x.x.......x..x.........x.,129,Hard,True
puzzle_31543,6,ABBBBBAABCCCACCCDDAADDDDEEEFFFEEEFFF,AAABBBAACBBBACCCCCDEEEFFDEDEFFDDDEFF,....x.x.......x........x...x...x....,130,Hard,True
puzzle_95651,6,AABBCCAABCCCAABBDCEEBDDDEFFFFDEEEFFD,AAABCCAAABCCDDDBBCDEDBBCDEEFFFEEEFFF,....x..x.......x..x.......x........x,130,Hard,True
puzzle_36339,6,AAABBBACCBBBADCCCCADDDDDEEEFFFEEEFFF,AAAAABACCCBBCCDBBBECDDFFEEDDDFEEEFFF,.x.......x.......x..x...x.........x.,131,Hard,True
puzzle_6780,6,AAABCCAABBCCABBCCDEEBFDDEEFFDDEEFFFD,AAABCCAAABCCDDBBBCDDEEBCDEEFFFDEEFFF,.....x..x...x.........x..x.......x..,133,Hard,True
puzzle_60430,6,AABBBBAAAABBCCCCDDCEFCDDEEFFDDEEEFFF,AABBBBAABBCCAADCCCEEDCFFEEDDFFEEDDFF,....x..x.......x.......x..x...x.....,133,Hard,True
puzzle_12916,6,ABBBCCADDBCCADBBCCADDDEEAAFFEEFFFFEE,AABCCCAABBCCABBDCDABEDDDEEEFDFEEFFFF,..x.......x.x........x.......x.x....,134,Hard,True
puzzle_40027,6,AAABBBAAACCBDDDDCBDECCCBDEEEFFEEFFFF,AAABBBAAABBBCCCDDDECCDFFECEDFFEEEDFF,....x...x...x........x.......x.x....,134,Hard,True
puzzle_16237,6,AAAABBACCCBBACDDDBECDDDBECEFFFEEEFFF,ABCCCCABBBCCAABDDDAABDDDEEEFFFEEEFFF,....x...x...x........x.......x.x....,135,Hard,True
puzzle_4305,6,AABBBBACCBBDACCDDDACEEEDACEEEDFFFFFF,AAABBBACCBBBAACCCCDDEEEEDDEEFFDDFFFF,....x...x...x........x.......x.x....,136,Hard,True
puzzle_8698,6,AAABBBABBBCCAACCCCDDEFFFDDEFFFDDEEEE,AAABBBAAABBBCCDEEECCDEEECDDDFFCDFFFF,.x.......x.......x..x.......x.x.....,138,Hard,True
puzzle_1958,6,AABCCCAABCCCAABBBDEEEEBDEEFFFDFFFDDD,AABBBCAABBBCAADDCCDDDDECFFFEECFFFEEE,...x...x........x.x.......x........x,139,Hard,True
puzzle_14289,6,AAABBCAAABBCDEEBCCDDEBCFDEEECFDDFFFF,ABBBCCABBBCCAAAACCDDDDEEDDFEEEFFFFFE,...x..x.........x...x........x.x....,140,Hard,True
puzzle_65245,6,AAAABBACDDBBACEDBBCCEDDDCEEFFFCEEFFF,ABBBBBAAABCCAACCCCDDEEEEDDFFFEDDFFFE,....x.x........x...x.........x..x...,140,Hard,True
puzzle_20093,6,AAABBBAACBDBACCCDBCCEDDDFFEEEDFFFFEE,AABBCCAAABCCABBBCCDDDDDDEEEFFFEEEFFF,....x.x.......x........x...x...x....,142,Hard,True
puzzle_86161,6,AAAABBAABBBCDDDEBCDDDEECFFFEECFFFECC,AABCCCAABCDCAABBDCEEBDDFEEBDDFEEFFFF,....x.x.......x........x...x...x....,143,Hard,True
puzzle_4068,6,AABBBCAABBCCAABCCCDDDDEEDFFDEEFFFFEE,ABBCCCABBCDCAABBDCEAAFDDEEFFDDEEEFFF,..x........x.x........x.x........x..,144,Hard,True
puzzle_92639,6,AABBBBCAADBBCCADDDCCADEDFCFFEEFFFEEE,AABBCCAABBCCADBBCCADEEEEDDFFEEDDFFFF,x..........x...x...x........x...x...,145,Hard,True
puzzle_28661,6,AABCCCAABCCCAABDDDEBBDFDEBEFFDEEEFFF,AABCCCABBCCCABBDDDAABDDEFFFEDEFFFEEE,.x.......x.......x..x...x.........x.,147,Hard,True
puzzle_24507,6,AAABBBAAACBBDDDCBCDDDCCCEEEFFFEEEFFF,AAABBBACCCCBAACDDBEECDFBEDDDFFEEEFFF,....x...x...x........x.......x.x....,148,Hard,True
puzzle_18920,6,ABBBCCAAABCCAABBCCDDDDEEFFFDEEFFFDEE,AAAABBACCBBBACDBEECCDEEECDDEFFDDFFFF,..x.......x..x.......x.......xx.....,149,Hard,True
puzzle_45598,6,AAABCCADABCCADBBCCEDDBFFEDDBFFEEEEFF,AAABBBAAABBBCCDDDECDDFEECDFFEECCFFFE,.x.......x.......x..x...x.........x.,150,Hard,True
puzzle_47380,6,AAABCCAAABBCDDDBBCDEDFBCEEDFFCEEEFFF,AABCCCAABCDCAABDDCEEBDFFEEBDDFEEBFFF,.....x.x........x...x...x........x..,151,Hard,True
puzzle_3102,6,AAABBBAACBBBACCDDDECCDDDECFFFFEEEEFF,AAAABBACCABBDDCCBBDCCEFFDDEEFFDEEEFF,.x........x...x........x...x..x.....,152,Hard,True
puzzle_39295,6,AABBCCAABBCCAABDCCEEBDDFEEDDFFEEDFFF,AAAAAABBBBBBCCDDEECDDDEECFFDEECCFFFF,.x.........x..x.......x.x........x..,153,Hard,True
puzzle_1664,6,ABBCDDABBCDDAABCDDAEBCCFAEEECFEEFFFF,AAAABBACCCBBADCCBBDDDCEEFFDDEEFFFFEE,..x.......x..x.......x.......xx.....,154,Hard,True
puzzle_18374,6,AAABCCAABBCCABBDCCEEBDFFEEDDFFEEDDFF,AAAABBCCDAABCCDDEBCCDDEBFFFDEBFFFEEE,..x........x.x.......x..x.........x.,155,Hard,True
puzzle_89923,6,ABBBCCAAABCCDABBCCDAEEFFDDEEFFDDEEFF,AAAABBACABBBCCDEBECCDEEECDDFFEDDFFFF,..x.......x..x.........x...x..x.....,156,Hard,True
puzzle_15969,6,AABBBBAABBCCAACCCCDDDDEEDDFFEEFFFFEE,AABBBCAADBBCADDDBCAEDDCCEEFFCFEEEFFF,....x.x.......x........x.x.......x..,157,Hard,True
puzzle_35334,6,AABCCCAABCDCAABDDCEEBDFFEEBDDFEEBFFF,AAABCCAAABBCDDDBBCDEDDBCEEFFFCEEEFFF,.....x.x........x...x...x........x..,158,Hard,True
puzzle_21039,6,AAABBBAAABBBCCCDDDECCDDFECEFDFEEEFFF,AABCCCAABBCCAABBDCEEEBDDFEEEDDFFFFFD,....x.x........x...x.........x..x...,160,Hard,True
puzzle_20294,6,AAABBBACABBBACCDDDECCDFFECDDFFEEEEFF,AAABBBCAABBBCACDDDCCCDDEFFFEDEFFFEEE,.x.......x.......x..x...x.........x.,161,Hard,True
puzzle_11297,6,AAAABBAACCBBDCCCBBDCEEEFDEEFEFDDDFFF,AAABCCAAABCCBBBBCCDDDEEEFDDDEEFFFFFE,....x..x.......x.......x..x...x.....,162,Hard,True
puzzle_58869,6,AAABBBCAAABBCCDDBDECCDDDEECFFFEEEFFF,AABBBBAACCBBDACCCCDADEEEDDDEEEFFFFFF,...x...x.........x..x.......x.x.....,163,Hard,True
puzzle_133,6,AABBBCABBCCCAABCDDAEECDDEEEEFDFFFFFD,AAABBBAAABCCDDDBCCDDDBECEEEEECFFFFFF,.....x..x.......x.x........x...x....,164,Hard,True
puzzle_6908,6,AABBCCAABBCCADBBCCADEEEEDDEEFFDDFFFF,AAAABCAABBBCDDDBCCDDEBCCEDEFFFEEEFFF,.x........x...x........xx........x..,165,Hard,True
puzzle_7657,6,AAAABBCCDAABCCDDDBCCDDBBEEEFFFEEEFFF,AAABCCAABBCCABBDCCEEBDFFEEDDFFEEDDFF,..x........x.x.......x..x.........x.,166,Hard,True
puzzle_48921,6,AAABBCAAABCCDBBBCCDEEECFDDEEFFDDEFFF,AABCCCAABCBCADBBBCADEEEEDDFFEEDDFFFF,...x...x........x...x...x..........x,167,Hard,True
puzzle_79290,6,AABBBBAABCCCAABCDCEEDDDCEEDDFFEEFFFF,AABBBBAAAABBCCCCCDEEFFCDEEEFDDEFFFDD,.x........x...x...x........x.......x,168,Hard,True
puzzle_87324,6,AAAABBCABBBDCACDBDCCCDDDEEEFFFEEEFFF,AAAAAABBBCCCDBBBCCDDDDDCEEEFFFEEEFFF,....x..x.........x..x...x........x..,169,Hard,True
puzzle_23453,6,AAABBBACCCCBACCDBBADDDDDEEEFFFEEEFFF,AAAABBACCABBDDCCBBDDDCEEFFDCEEFFFFEE,..x........x.x.......x..x.........x.,171,Hard,True
puzzle_47518,6,ABBCCCABBCCCAABBDDAADDDDEEEFFFEEEFFF,AAABBBACCBBBAACDDDECCDFDECEDFFEEEFFF,....x...x...x........x.......x.x....,172,Hard,True
puzzle_87853,6,AABBBBCAAABBCDAEEECDDEEECDDFFFCCDFFF,AAAABBAACCBBDDDCBBEDDCCCEDEFFFEEEFFF,.x........x.x........x.......x..x...,172,Hard,True
puzzle_9910,6,AAABBBACCBBBAACCCDEEFCDDEEFFDDEEFFFD,AABBBBAABBCCDAACCCDEECFFDDEEFFDDEEFF,...x..x.........x...x........x.x....,174,Hard,True
puzzle_17285,6,AABBBCAABBCCAADBCCEEDDCFEEDDFFEEDFFF,AAABBBAACCBBACCCBDECEEDDEEEFFDFFFFDD,..x.......x..x.......x.......xx.....,175,Hard,True
puzzle_62323,6,AAAAABACCCBBCCDCBBEDDDFBEEDDFFEEEFFF,AABCCCABBCCCAABDDDAEBBDDEEFFDFEEEFFF,.x.......x.......x..x...x.........x.,176,Hard,True
puzzle_29670,6,ABBCCCAABBCCAADBBCADDDEEFFDDEEFFFFEE,ABBBBBAAACBDEACCCDEACFCDEEFFFDEEFFDD,....x..x.......x.......x..x...x.....,177,Hard,True
puzzle_39011,6,ABBBBCABBDDCAADDDCAADEECFFFFECFFEEEC,AABBBBAACBBCAACCCCDDEEFFDDDEFFDEEEFF,....x.x.......x........x.x.......x..,178,Hard,True
puzzle_12650,6,AAABBBCAABBBCACDEECCCDEEFFFDEEFFFDDD,AABBBBAABBCCDAEEECDADEECDDDFECFFFFFC,....x..x.......x..x..........x..x...,179,Hard,True
puzzle_10910,6,AAABBBCAADBBCACDBDCCCDDDEEEFFFEEEFFF,AAABBCABBBBCAADCCCEEDCFFEEDDFFEEDDFF,.....x..x...x.........x..x.......x..,180,Hard,True
puzzle_267,6,ABBBBBAAABCCAACCCCDDEEFFDDEEFFDDEEFF,AAAABBACCBBDAECBBDEECCDDEFFCDDEEFFFF,...x...x........x.x..........x..x...,182,Hard,True
puzzle_1436,6,AABBBBAACCBBAADCCCDDDCEEDDFFEEFFFFEE,AAABBBACABBDACCCBDCCDDDDEEEFFFEEEFFF,...x..x..........x.x........x...x...,183,Hard,True
puzzle_3308,6,AABBBCAABBCCAABDCCDDDDCEFDFFEEFFFEEE,AAAABBAACBBBCCCCDBEEECDDFEEEDDFFFFFD,...x.......xx.......x.......x..x....,184,Hard,True
puzzle_52070,6,AAABBBAAABBBCDDEEECDDFFECCDDFECCFFFE,AABCCCABBCCCABDDDEABBDDEAFFDEEFFFFEE,.....x.x.......x..x.......x.......x.,185,Hard,True
puzzle_1315,6,AAABBBAAABBBCCCDDEFFCDDEFCCDDEFFFEEE,AAABBBACCCCBAACCDBEEDDDBEEFFDDEEFFFF,.x.........x..x.......x.x........x..,186,Hard,True
puzzle_40171,6,AAABBCAABBCCDAEBCCDEEBCFDDEEFFDDEFFF,AAAABBCCAABBCDDEBBCDDEFFCDEEFFCDEEFF,..x........x...x...x........x.x.....,187,Hard,True
puzzle_35087,6,AAAAAABBBBCCDDDBCCDEDBCCEEDFFFEEEFFF,AAABCCAABBCCDABBCCDEBEEFDEEEFFDDDFFF,....x.x.......x........x...x...x....,188,Hard,True
puzzle_11190,6,AABBBBCAAABBCACDDDCCCDEDFFFDEEFFFEEE,AAAABBAACBBBCCCBDDCCDDDEFFFDEEFFFEEE,.x........x.x........x.......x..x...,189,Hard,True
puzzle_238,6,AAABBBCAABBBCADDDDCCCDEDCFFFEEFFFEEE,AABBBBAAACBBADCCEEDDCCEEDDDCFEFFFFFE,....x..x.......x..x..........x..x...,190,Hard,True
puzzle_6751,6,AABBBBAABBCCAADEECFFDDECFFDDECFFDEEC,AAABBBCCAABBCCCADBCEEEDDFFFEDDFFFEED,....x.x........x...x.........x..x...,191,Hard,True
puzzle_7145,6,AAABBBAAABBBCDDDEECCFDDECCFFDECFFFEE,AAABBBAACBDBACCCDBEECDDFEECDDFEEFFFF,....x...x...x........x.......x.x....,193,Hard,True
puzzle_44272,6,AABBBBAAACBBDACCCEDDFCEEDDFCEEDFFFFE,AAABBBACABBBACCCCCDDEEEFDEEEFFDDDFFF,.x.........x..x.......x.x........x..,194,Hard,True
puzzle_23375,6,AAABCCAADBCCADDBCCDDDBBBEEFFFFEEEEFF,AABBBBAACBBDACCCCDAEECDDEEFDDFEEFFFF,.....xx........x...x........x...x...,195,Hard,True
puzzle_30833,6,ABBCCCABBCDCAABDDCAABDDDEEEFFFEEEFFF,AAABBBAABBBCADDCCCEDDDFCEDEFFCEEEFFF,....x.x.......x........x...x...x....,197,Hard,True
puzzle_38121,6,AAABBBACACBBACCCDBEEFCDDEEFFDDEEFFFD,AAABBBAAABBBCCDEEECDDEEFCDDFEFCCDFFF,.x.........x..x.......x.x........x..,197,Hard,True
puzzle_20433,6,ABBBCCAABBCCAADBCCADDDEEFFFDDEFFFEEE,AABBBCAABBBCAADDDCEDDFDCEEEFFCEEFFFC,...x...x.........x..x...x.........x.,198,Hard,True
puzzle_2032,6,ABBBBBACCCDBACCDDEACFDDEAFFDEEAFFFEE,AAABCCAABBBCDADDBCDDDEBCFFFEECFFFEEE,.x........x...x........xx........x..,199,Hard,True
puzzle_34709,6,ABBCCCAABBCCABBDDCAADDDEFFFFDEFFEEEE,AAABCCAABBCCABBBCCDEEEEEDEDFFFDDDFFF,....x...x...x........x.......x.x....,200,Hard,True
puzzle_19694,6,ABBCCCAABBCCAABBCDAEEEEDEEFFFDFFFDDD,AAABBBAAABBBCCDDDDCCCCDDEEEFFFEEEFFF,....x.x........x...x.........x..x...,201,Hard,True
puzzle_1600,6,AAAAABCCABBBCCBBDDECCDDDEEFFDFEEEFFF,AABBBCAAABBCDDABCCDDDDCCEEEFFFEEEFFF,.x.......x.......x..x...x.........x.,202,Hard,True
puzzle_4861,6,AAABBBAACCCBACCCBBDDEEEFDEEEFFDDDFFF,AABBBCAABCCCADBBCCADDDDDEEEFFFEEEFFF,.x.........x..x.......x.x........x..,204,Hard,True
puzzle_24158,6,AAABBBAAABBBCCDDDDCCEEDDCFEEEECFFFFF,AAABBBCCAABBCCADDBCCEEDDEEEFFDEFFFFD,.x.........x...x..x.......x.......x.,205,Hard,True
puzzle_39391,6,AAABBBACCCBBACDCCBAEDDDDEEFFFDEEEFFF,AAABBBAACBBBCACDDECCCDEEFFFDEEFFFDDE,.x.......x.......x..x...x.........x.,206,Hard,True
puzzle_72378,6,AABBCCAABBCCAABDCCEEBDDDEEEEDDFFFFFF,AAABBBAABBCCADBDCCDDDDCCEEEEFFEEFFFF,x.......x........x...x...x........x.,207,Hard,True
puzzle_79298,6,AAABCCAABBBCABBDDCEDDDFCEDEFFCEEEFFF,AAABBBAAABBBCCCDDECCCDDEFFFDEEFFFDEE,..x........x.x.......x..x.........x.,208,Hard,True
puzzle_15113,6,AAABBBAABBCCADBCCCDDEEFCDDEEFFDEEFFF,AAAABBCCAABBCDDEBBCDEEFFCDEEFFCDDEFF,.x........x...x...x........x.......x,209,Hard,True
puzzle_82625,6,AABCCCAABCCCAABDDDEEBDDFEEBBDFEEFFFF,AABBCCAABBCCDAABECDDDBECDFDEEEFFFFFE,..x........x.x........x.x........x..,210,Hard,True
puzzle_10748,6,AABCCCAABDDCAABDCCEEBDDDEEBBFFEEFFFF,AAAAAABBCCDDBBCCDDEBCCDDEBFFFFEEEEFF,..x........x.x.......x..x.........x.,211,Hard,True
puzzle_6673,6,AAABBBAAACBBDCCCCBDDDDCEFDFFEEFFFEEE,AABCCCAABBCCADBBCEADBEEEDDDFFEDFFFFE,....x.x........x...x.........x..x...,212,Hard,True
puzzle_19491,6,AAABBBACAABBCCCDBECFFDDECFDDDEFFFEEE,AABBCCAABBCCDABBCCDAEEEFDDEFFFDDEEFF,..x.......x..x.......x.......xx.....,213,Hard,True
puzzle_31177,6,AAAABBCAABBBCCDDDBCEEDDFCEEDFFCEEFFF,AAABBCAABBCCABBDCCEEDDCFEEDFFFEEDDFF,.....x..x...x........x...x........x.,215,Hard,True
puzzle_2832,6,AAABBBAABBCCDABEFCDEEEFCDEEFFCDDDFFC,AABCCCAABBCCAABBCDEEBFFDEEFFDDEEFFDD,....x..x.........x..x...x........x..,216,Hard,True
puzzle_67003,6,AABCCCAABDCCABBDCEABDDDEFBDFEEFFFFEE,AABBCCAABBCCAABBCCDDEEEEDDEFFEDDFFFF,....x.x........x...x.........x..x...,217,Hard,True
puzzle_18722,6,AABBBBAAAABBCCCCCDEFFFCDEFFFDDEEEEDD,AABBCCAABBCCAABBDCEDDDDCEEEFDFEEFFFF,....x...x...x........x.......x.x....,218,Hard,True
puzzle_4712,6,AAAABBACCCBBACCCDBEEEEDBEEFFDDFFFFDD,AABBBBAABBCCAACCCDEFFFCDEEEFDDEEFFDD,..x.......x..x.......x.......xx.....,219,Hard,True
puzzle_15824,6,AABBCCAABBCCADBBCCADEEEEDDDFEEDFFFFF,AAAABBCAACBBCCCCBDEEFFBDEFFFFDEEEDDD,.x........x...x........x...x..x.....,220,Hard,True
puzzle_6368,6,ABBBBBAAAABCDDDAECDFFEECDFFEECDFFECC,ABBBBCABBDDCAAEDDCAEEDDCAEEECCFFFFFF,.....x..x...x........x...x........x.,221,Hard,True
puzzle_65,6,AABBCCAABBCCAABBDCEEEEDCEEFFDDFFFFDD,AABBBBAABBCCADDDDCAEFDDCEEFFCCEEEFFF,..x........xx.........x..x.......x..,222,Hard,True
puzzle_67470,6,AAAABBCCAABBCCDDDBCDDEEBCDFFEEFFFFEE,AABBCCAABBCCAABBCCDDDDEEFFFDDEFFFEEE,.x.........x...x..x.......x.......x.,223,Hard,True
puzzle_26702,6,AAABBBCCAABBCDADBECDDDEECCDFFEFFFFEE,AAABBCAAABBCDDDBCCDDDBCCEEEFFFEEEFFF,..x.......x..x.........xx........x..,224,Hard,True
puzzle_9928,6,AAAABBACCABBCCCCBBDDDDEEFFFDEEFFFDEE,AAABBBABBBCCAADDCCEEDCCFEEDFFFEEDDFF,...x.......xx.......x.......x..x....,191,Expert,True
puzzle_50844,6,ABBBBCAAABBCADAEFCDDEEFCDEEFFCDDEFFC,AAAABBAACCBBDCCCBBDCEEFFDDEEFFDDEEFF,x........x.......x..x.......x..x....,194,Expert,True
puzzle_68762,6,AAAAABACCBBBDCCCBBDDDCEEDFFFEEDFFFEE,AAABCCABBBCCABBDCCADDDEEFDDEEEFFFFFE,x.......x.......x..x.........x...x..,196,Expert,True
puzzle_985,6,AAABBCDAABBCDDABBCDEECCCDEFFFFDEEEFF,AABCCCAABCCCABBBBDAEEDDDEEEFFDEFFFFD,...x..x.......x........x.x........x.,199,Expert,True
puzzle_37783,6,AAABCCABBBCCAABDCCEEBDDDEFFFDDEEEFFF,AAABBBAAABBBCCCDDDCCCDEDFFFDEEFFFEEE,.x........x...x........xx........x..,202,Expert,True
puzzle_13960,6,AAAAABCCCCABDDDCCBDEEFFBDEEFBBDEEFFF,AABBBCAABBCCAABCCCDDEFFFDDEEFFDDEEEF,....x..x.........x...x..x.......x...,204,Expert,True
puzzle_24417,6,AABBBBAAAABBCCDDDDCCEEDDCEEFFFCEEFFF,AAABBBACABBBACCCCCDEEEFFDDDEFFDDEEFF,.x.........x...x..x.........x...x...,207,Expert,True
puzzle_53110,6,ABBBCCABBCCDAABCCDAAEEEDEEEFDDFFFFFD,AAABCCAAABCCBBBBDCEEFFDCEEEFDDEFFFDD,..x.......x..x.......x.......xx.....,209,Expert,True
puzzle_91473,6,AABCCCAABCDCAABDDCEEBDDFEBBFDFEEEFFF,AAABBBAAABBBCCCDEECCCDEEFDDDDEFFFFFE,....x...x...x........x.......x.x....,212,Expert,True
puzzle_76695,6,AAAAABACCBBBCCCCBBDDEEEEDDFFEEDDFFFF,AAABCCAABBCCABBBCCDDDDEEDDFFFEFFFEEE,...x...x........x.x..........x..x...,215,Expert,True
puzzle_13246,6,AABCCCAABBCCDAABECDDBBEEDDDFFEFFFFEE,AAABBCAAABBCDDDBCCDDDBCCEEEFFFEEEFFF,..x.......x..x.........xx........x..,217,Expert,True
puzzle_82632,6,AAABBBCAABDBCAEEDBCCEEDDCEEFFDCFFFFD,AAABBCAAABBCDDDBCCEEDBCCEEDFFFEEDFFF,....x...x...x..........x.x.......x..,220,Expert,True
puzzle_27731,6,AABCCCAABCCCAABBBDEEBDDDEEFFDDEEFFFF,AAABBBAAABCBDECCCBDEEECCDDEEFFDDFFFF,..x........x.x........x.x........x..,222,Expert,True
puzzle_20041,6,AABCCCAABBCCAABBCDEEBDDDEEFFDDEEFFFF,AAAABBAACCCBDECCCBDEEEBBDDEEFFDDFFFF,..x.......x..x.........xx........x..,225,Expert,True
puzzle_50769,6,ABBBBCADBBCCADDDCCAADDECFAFFEEFFFEEE,AAABBBAAABBBCCCCDDEECCDDEEFFDDEEFFFF,.x.........x...x..x.........x...x...,228,Expert,True
puzzle_5317,6,AAABBCAAABBCDEEBCCDEEBCFDDEFCFDDEFFF,AAAABBAACCBBCCCCBBDDDEEEDDDEEEFFFFFF,..x........x.x.......x..x.........x.,230,Expert,True
puzzle_40857,6,AABBBBAAAACBDDEECBDDDECCDFFEECFFFFEC,AAABBCAAABBCDDDBCCDDDBCCEEEFFFEEEFFF,....x...x...x..........x...x...x....,233,Expert,True
puzzle_78916,6,AAABBBAAABBBCCCDEECDDDEECDDFEECFFFFF,AAABBBAACBBBDACCEEDFFCCEDFFFCEDDDFEE,.x.......x..x.........x...x........x,235,Expert,True
puzzle_23689,6,AAABBBAACBDBEACDDBEECDFFECCDFFEECDFF,AAABBBAAABBCDDDDBCDDCCCCEEEFFFEEEFFF,....x.x.......x........x...x...x....,238,Expert,True
puzzle_1056,6,AAABBCAABBCCABBCCCDDEEFFDDEEFFDDEEFF,AAAAAABBCCCCBDDDCEBBBDCEFFFDEEFFFDEE,.....x..x...x........x...x........x.,241,Expert,True
puzzle_73609,6,AAAABBAABBBBCDDDEECDDFFECCDFFECCFFEE,AAABBCAAABCCDDBBECDDFBECDFFEECDFFFEE,.x.......x.......x..x.......x.x.....,243,Expert,True
puzzle_4919,6,AABBBBAABCCBAACCCDEEEFCDEEFFDDEFFFDD,AABBBBAACBBDACCCDDACCEEDFFFEEDFFFEED,....x.x.......x........x.x.......x..,246,Expert,True
puzzle_78372,6,AABBBBAABCCCAABCCCDDDEEEDDFEEEDFFFFF,AAAAAABBBBCCDDDBBCEEDFFCEEDDFCEEFFFC,...x..x..........x..x.......x..x....,248,Expert,True
puzzle_45163,6,AABBBBAACCBBDAACCEDDDCCEDFFFEEDFFFEE,ABBCCCABBCCCAABBDDAAEEDDFFFEEDFFFEED,.x........x.x........x.......x..x...,251,Expert,True
puzzle_7151,6,AABBCCAABBDCAEBBDCAEDDDCEEFFDCEEFFFF,AABBCCAABBCCAABBCCDDDDEEDDFFFEFFFEEE,...x..x.........x..x.........x..x...,254,Expert,True
puzzle_12327,6,AABBBBAACCBBAACCCDEEECDDEEFFDDEFFFFD,ABBCCCAABCCCAABDEEABBDDEFFDDDEFFFFEE,....x.x........x...x.........x..x...,256,Expert,True
puzzle_91054,6,ABBBBCAABCCCAABCCDAEEDDDFEEEEDFFFFFD,ABBBBCABDBCCADDDCCADDEECAEEEEFAFFFFF,..x...x........x.......x.x........x.,259,Expert,True
puzzle_96696,6,AAABBBAAABBBCCDEEECCDEEECDDFFFCDDFFF,ABCCCCABBDCCAABDDDEABBDDEAEFFFEEEFFF,....x...x...x..........x...x...x....,261,Expert,True
puzzle_24428,6,AAABBCAAABCCDEEBCCDEEBBCDDEEFFDDFFFF,AAAABBAACCBBDDCCBBDDCCEEDFFEEEDFFFFE,.x.........x..x.......x.x........x..,264,Expert,True
puzzle_14531,6,ABBCCCABBCCCABBDEEADDDEEADDFFEAFFFFE,AABBBBAACCBBAACCCDEEFFCDEFFFDDEEEFDD,....x...x...x........x.......x.x....,267,Expert,True
puzzle_2173,6,AAABBBAAABCBDDDCCBDDDCEEFFFCEEFFFCEE,AAABBCAABBBCDAEEBCDDECCCDDEFFFDEEFFF,....x.x.......x........x.x.......x..,269,Expert,True
puzzle_53509,6,AABBBBABBCCCAAACCCDDDDDDEEEFFFEEEFFF,AAABBBCAABDDCABBDDCCEEDDCEEFFFCEEFFF,..x...x........x.......x.x........x.,272,Expert,True
puzzle_32714,6,ABBBCCABCCCDABBDCDAAEDDDAEEFFFEEEFFF,AAAABBCCAABBDCCCBBDDCEFFDDEEFFDEEEFF,x.........x...x........x.x.......x..,274,Expert,True
puzzle_27838,6,AAABBCADABBCADDBBCDDDCCCEEEFFFEEEFFF,AAAAABCCCDABECCDDBECFFDBEEFFDBEEFFDB,...x..x..........x..x.......x..x....,277,Expert,True
puzzle_43653,6,AAABBBAAABBCDDDDBCEEDDCCEFFFFCEEEFFC,AAABBBAAABBBCCCDDDCCDDEDCFFFEEFFFEEE,....x..x.......x..x.......x........x,280,Expert,True
puzzle_70759,6,AAABBBACCBBBACCCDDAECFDDEEEFFDEEFFFD,AABBBBAAACBBDDACCEDFFCCEDFFCEEDDFFEE,....x...x...x........x...x.........x,282,Expert,True
puzzle_20260,6,AAABCCAAABCCDDDBBCDDDBBCEEEEFFEEFFFF,AABBBBAAAABBCCCDDEFCCDDEFCFDEEFFFDEE,....x...x...x........x.......x.x....,285,Expert,True
puzzle_58417,6,AABBCCAABCCCAABBCDEEBFDDEEFFFDEEFFDD,AAAABBCDDAABCDDDDBCCCCBBEEFFFFEEEEFF,..x........x.x.......x..x.........x.,287,Expert,True
puzzle_88414,6,AABBBBAABCCBDAACCCDEEEECDDEEFFDDFFFF,AAAABBACABBBCCCCBDEECDDDEEFFDDEEFFFF,..x.......x..x.......x..x..........x,290,Expert,True
puzzle_64510,6,AAABBBCCAAABDCCCEBDCEEEBDDEFEFDDFFFF,AABCCCAABCCDAABCDDEBBDDDEEBFFFEEEFFF,.x.........x...x..x.......x.......x.,293,Expert,True
puzzle_14877,6,AAAABBAACCBBDCCBBEDCCEEEDDEEFFDDFFFF,AAABBBAAABBBCCDDDDCCEDDFCEEFFFCEEEFF,.x........x...x........xx........x..,295,Expert,True
puzzle_42600,6,AAAABBCCCABBCCCABDEEFFBDEEFFFDEEFDDD,AABCCDAABCDDAABCCDEEBFCDEEBFFDEEBFFF,.....x.x.......x..x.......x.......x.,298,Expert,True
puzzle_86970,6,ABBBCCAABBCCDAABCCDAEEFFDDEEFFDDEEFF,AAAAAABBCCCCBCCDDDBBBDDEFFFDEEFFFEEE,x........x.......x..x.......x..x....,300,Expert,True
puzzle_903,6,AAABBBCCABBBCCAADECCDDDEFFDDEEFFFFEE,AAABBBACCCBBAACCCBDDDDEEDDFFEEFFFFEE,....x...x...x........x.......x.x....,303,Expert,True
puzzle_13686,6,AABBBBAACCBBDACCEEDACCEEDFFFEEDDDFFF,AABBBBAABBCCAACCCCDDDEFFDDEEFFDEEEFF,....x..x.......x.......x..x...x.....,306,Expert,True
puzzle_1855,6,AAAABBAABBBCDDBCCCEDDCFFEDDCFFEEEEFF,AAAABBCCAADBCCCCDBEEEDDBEEEDDBFFFFFF,x..........x..x.......x..x.......x..,308,Expert,True
puzzle_40361,6,AAABBBAAACBDCCCCBDCEEEBDEEFEDDFFFFFD,AABBBCAAABCCDABBCCDDDECFDDEEFFEEEFFF,.....xx........x...x........x...x...,311,Expert,True
puzzle_1565,6,AABBBBAABCCCDABCCCDAEFFFDDEEFFDDEEEF,AAABBBACADBBCCADDBCCEDDDCEEFFFEEEFFF,..x.......x..x.........x...x..x.....,313,Expert,True
puzzle_29691,6,AAABBBAAACBBCCCCCBDDEEEEDDEEFFDDFFFF,AABBCCDABBCCDAABCCDDABEEFDDEEEFFFFFE,...x..x.........x...x........x.x....,316,Expert,True
puzzle_6038,6,AAABBBAACBBBACCCDECCDDDEFFDDEEFFFFEE,AAAABBCAADBBCDDDBBCCDDEECCFFEEFFFFEE,....x...x...x........x.......x.x....,319,Expert,True
puzzle_70622,6,AAAABBACCBBBACCDDBECCFDDEEEFFDEEFFFD,AABBBBAAABCBACCCCCDDEEEFDDEFFFDDEEFF,....x.x.......x........x.x.......x..,321,Expert,True
puzzle_73770,6,AAAABBCAACBBCCCCBBDDEEEEDDFFEEDDFFFF,AAABBBAACBDDEACBDDECCBDDEECCFFEEFFFF,.x.......x.......x..x...x.........x.,324,Expert,True
puzzle_1270,6,AAAABBACADBBCCDDBBCEDDDFCEEFFFCEEEFF,ABBBCCAAABCCAADBCCEEDBFFEEDDFFEEDDFF,...x.......xx.......x.......x..x....,326,Expert,True
puzzle_41716,6,AABCCCAABCCDABBDCDABBDDDEEEFFFEEEFFF,AAABBBAAABCBDECCCBDEECCFDDEEFFDDEFFF,....x.x.......x........x...x...x....,329,Expert,True
puzzle_9547,6,AABBBBACBBDDACCDDDACCDEEACFFEEFFFFEE,AAABBBCCABBBCCADDECCADDEFFDDEEFFFFEE,...x..x.........x...x........x.x....,332,Expert,True
puzzle_35874,6,AABBBBAABBCCADCCCCADDDEEFDDFEEFFFFEE,AAABCCDAABCCDDABCEDDBBCEDFFBEEFFFFEE,..x.......x.x........x.......x.x....,334,Expert,True
puzzle_28934,6,AAABBCAAABBCDDBBECDDEEECDDFFECFFFFEC,AABBCDAABBCDABBCCDAECCDDEEFFFDEEEFFF,..x........x...x..x.........x..x....,337,Expert,True
puzzle_4841,6,AABBCCAABBCCDABBCCDAEEFFDEEEFFDDDEFF,AAABCCAADBCCADDBCCDDBBEEDFBFEEFFFFEE,..x.......x..x.......x.......xx.....,339,Expert,True
puzzle_15747,6,AAAABBAACCBBDCCBBEDCCFFEDDFFFEDDFEEE,AAABBBAAABBBCCDDDDCCEDFFCEEDFFCEEEFF,.x.........x..x.......x.x........x..,342,Expert,True
puzzle_84393,6,AABCCCAABDCCAABDDCEBBDFFEBDDFFEEEEFF,AAABBBAAABBBCCDDDECFDDEECFFDEECCFFFE,.x.......x.......x..x...x.........x.,345,Expert,True
puzzle_78894,6,AAABBBACADDBCCADBBCCDDEECFDEEEFFFFFE,AABBCCAABBCCAABBCCDDEEEEDDFFFEDDFFFE,....x.x........x...x.........x..x...,347,Expert,True
puzzle_20274,6,AAABBBAAACBBDDDCCBDEDCCCDEEFFFEEEFFF,AAAAABCCCABBDCCCEBDEEEEBDEFFFBDDDFFF,....x...x...x..........x.x.......x..,350,Expert,True
puzzle_79494,6,ABBBCCABBCCCAABDCDEAADDDEEEDFFEEFFFF,AABBBCAAABBCADDBCCDDDECCDFFEEEFFFFEE,.x.......x.......x..x.......x.x.....,352,Expert,True
puzzle_72961,6,AAABBBACDDDBACDDEBACFDEBCCFFEECFFFEE,AAAABBCCAABBCCDDBBCCDDEEFFDDEEFFFFEE,x..........x...x...x........x...x...,355,Expert,True
puzzle_76959,6,AAAABBCCAABBDCCCBBDCEEEFDDEEEFDDFFFF,AABBCCABBBCCABDDDCAADDECFFFDEEFFFEEE,..x...x..........x...x...x........x.,358,Expert,True
puzzle_44667,6,AABBBBAABBCCAACCCCDDDDEEFFDDEEFFFFEE,AABBBBAACCBBACCCCDAEEDDDEEEDDFEFFFFF,.....xx........x...x........x...x...,360,Expert,True
puzzle_15647,6,AAAABBCCCABBDCCABBDCEEFFDDEEFFDDEEFF,AAABBBACABBBCCADDDCCEDDFCEEFDFEEEFFF,..x.......x..x.......x.......xx.....,363,Expert,True
puzzle_79235,6,AABBBBAACCCBAACCCBDDEEEEDEEFFFDDDFFF,ABCCCDABCCCDABEEEDABEEEDABBFDDAFFFFF,.x.......x.......x..x...x.........x.,365,Expert,True
puzzle_35516,6,AAABBBCCABBBCCADDDCCADDDEEEFFFEEEFFF,AABBBBCAAABBCADDDDCDDEEECFFFFECCFFEE,.x.........x...x..x.......x.......x.,368,Expert,True
puzzle_70424,6,ABCCCCABBCCDABBDDDAABDDEFAFEEEFFFFEE,AAAABBACCBBBACCCCBDDEEEEDDFFEEDDFFFF,...x...x.........xx.........x...x...,371,Expert,True
puzzle_11538,6,AABBBBAAABCBADDDCCEEEDCCEEEDDCFFFFFF,AAAABBCCAABBCCCCBDEFFFBDEEFFDDEEEFDD,..x.......x.x........x...x.........x,373,Expert,True
puzzle_3066,6,AAABBBACCBBBADCCCCADEEFFDDEEFFDDEEFF,AAAABBCADABBCCDDBBCCCDEEFFFDEEFFFDEE,x..........x...x...x........x...x...,376,Expert,True
puzzle_73728,6,AAABBBACADBBCCADBECFFDEECFFDEECFFDDE,AAABBBAAABBBCDDDDDCDEEFFCCEEFFCCEEFF,.x.........x...x..x.........x...x...,378,Expert,True
puzzle_53471,6,AAABBBAAABBBCCCDDDCDDDEECFFFEECFFFEE,AAAABBCAABBDCCCBDDECCBDDEEFFFDEEEFFF,..x........xx........x...x........x.,381,Expert,True
puzzle_64238,6,AAABCCAAABCCDDDBECDFDBECDFFBEEFFFBEE,AAABBBAAABBBCDDDDDCEDFFFCEEEFFCCCEEF,....x..x.......x..x.......x........x,384,Expert,True
puzzle_8938,6,AABCCCAABCCCAABBDDEEEBDDEEEBDDFFFFFF,AABBBCAABBCCAABDCCEEDDCFEEDDDFEEFFFF,....x..x.........x...x..x.......x...,386,Expert,True
puzzle_14651,6,ABBCCCABBCCCAABDEEAABDEEFDDDDEFFFFFE,AAABCCABBBCCAABBCDEEEECDEFFFDDEFFFDD,....x...x...x........x.......x.x....,389,Expert,True
puzzle_39594,6,AAABBBCAABBBCADEEECDDEEECDDFFFCCDFFF,AABBBBABBCDDAECCFDAECCFDAECFFDEEEFFD,..x........xx........x...x........x.,391,Expert,True
puzzle_30700,6,AABCCCAABCCCAABBBBDDEEFFDEEEEFDDDFFF,AAAABBAACCBBDDCCBBDDCEEEDDCEEEFFFFFF,.x........x...x...x........x.......x,394,Expert,True
puzzle_54757,6,AABCCCAABBDCAABBDCEEBDDCEEDDFFEEFFFF,ABBBBCAABBDCAADDDCADDCCCEEFFFFEEEEFF,...x..x.......x.......x..x.........x,397,Expert,True
puzzle_55056,6,AAABBBAAABBBCCDDDDCCCCEDFFFEEDFFFEEE,AABBBBAAABBCDAEEECDDEEECDDDFFCFFFFCC,....x..x.........x..x...x........x..,399,Expert,True
puzzle_7838,6,AABBBBCAADDBCAADDBCEEEDDCEEFFFCCEFFF,AABBBBAABCCCADBCCCADEEEEDDFFFEDDFFFE,.....x.x........x...x...x........x..,402,Expert,True
puzzle_36526,6,AAABBBABBBCCAACCCCDDDDEEDDFFEEFFFFEE,AAABCCAAABCCDDDBCEDFFBCEDFFBEEDFFBEE,....x.x.......x........x.x.......x..,404,Expert,True
puzzle_75249,6,AAABBCAAABCCDBBBCCDDDDCEFFDEEEFFFFEE,AAABBBAACBBBACCCDDCCEFDDEEEFDDEEFFFF,..x.......x..x.......x.......xx.....,407,Expert,True
puzzle_35313,6,AAABCCAAABCCDDDBCCEDDBBBEDEFFFEEEFFF,AAABBBCAABDBCCABDDCEDDDFCEEEEFCEFFFF,....x...x...x........x.......x.x....,410,Expert,True
puzzle_47985,6,ABBBBBAACCCBAACCCDAEEEEDFFFEDDFFFEDD,ABCCDDABBCCDAABCCDAABBEDFFFEEDFFFEEE,.....x...x..x.......x.......x..x....,412,Expert,True
puzzle_85916,6,AAABBBAAABBBCCDDDDCCDDEEFCCFEEFFFFEE,AAABBBAACCBBADDCCBEEDDCCEDDFFFEEEFFF,....x...x...x........x.......x.x....,415,Expert,True
puzzle_28032,6,AAABBBAAABBBCCDDEECCFDDECFFDDECFFFEE,ABBBBCAABBCCDAAECCDAEECFDEEEFFDDDFFF,...x...x.........x..x.......x.x.....,417,Expert,True
puzzle_72967,6,AAAABBACCABBCCCCBBDEEEEEDDEFFFDDDFFF,ABBBBBACCBDDACCDDDAACDEEFACFEEFFFFEE,...x.......xx.......x.......x..x....,420,Expert,True
puzzle_20600,6,AABBCCAABBCCADBBCCADDDEEFFDDEEFFFFEE,AAAABBAACBBBDCCCEBDFFCEEDDFCEEDDFFFE,....x..x.......x.......x..x...x.....,423,Expert,True
puzzle_31715,6,AABBBBABBCCCAADCCCADDEFFDDEEFFDEEEFF,AAABBBCAADBBCADDDBCCEDFFCCEDFFEEEEFF,.....x...x...x........x.x.......x...,425,Expert,True
puzzle_32328,6,ABBBCCAABCCCADBBCEADDEEEADDDFEFFFFFE,ABBBCCABBCCCABDDDCAEDDDFAEFFFFAEEEEF,.x........x.x.......x........x...x..,428,Expert,True
puzzle_35137,6,AABBCCABBBCCABDDCCAADDEEFFFDEEFFFDEE,AAABBBACABBBACCDDEFFCDDEFFCDEEFFCDEE,...x..x.........x...x........x.x....,430,Expert,True
puzzle_95943,6,AABBBBAABBCCAADCCCEEDFFCEEDDFFEEDDFF,AAABBBCCAABDCCABBDCCEDDDEEEEEDFFFFFF,...x..x.......x........x.x........x.,433,Expert,True
puzzle_20469,6,AABBBBAAABCCADDBCCDDDDCCEEEFFFEEEFFF,AAABBBCCAABBCCCABDEECFDDEFFFDDEEEFFD,..x.......x.x........x.......x.x....,436,Expert,True
puzzle_94303,6,AAAAAABBCCCCBBDDDCBBDEECFDDFEEFFFFEE,AAABBBAAACBBCCCCCBDDEEFFDDEEEFDDEFFF,.x........x...x...x........x.......x,438,Expert,True
puzzle_85887,6,AAAABBAABBBBCCCDDDCCCEEDEEEEFDFFFFFD,AABBBCAABBBCAADCCCDDDCEEDDFFEEFFFFEE,.x.......x.......xx.......x.......x.,441,Expert,True
puzzle_6390,6,AABBBBAABBCCAACCCCDEEEEFDDDEEFDDFFFF,AABBBBAAAACBDDCCCBDDCCEEDFFFEEDFFFEE,.....x.x.......x..x.........x...x...,443,Expert,True
puzzle_7444,6,AAABBBAAABCBDDDBCCEEDDDCEEEFFCEFFFFC,ABBBCCABBBCCAAAACCDDEEFFDDEEFFDDEEFF,....x...x...x..........x.x.......x..,446,Expert,True
puzzle_90252,6,AABBBBAAABCCADDBCCDDDDCCEEEFFFEEEFFF,AAABBBCCAABBCCCABDECEEDDEEEFFDFFFFDD,..x.......x.x........x.......x.x....,449,Expert,True
puzzle_82956,6,AAAABBCCAABBCCDDBBCEDDFFCEEDFFEEEDFF,AAAAAABBBBBBCDDDDECDDEEECCCCFEFFFFFE,..x.......x..x.........x...x..x.....,1829,Grandmaster,True
puzzle_70989,6,AAAABBCCABBBCCADEBCFDDEECFDDDEFFFFEE,AAABCCAABBCCABBBCCDDDEEEDDDFEEFFFFFE,.....x..x...x........x...x........x.,1835,Grandmaster,True
puzzle_98225,6,AAABBBAAABBBCDDDDDCCEEEDCCCEEEFFFFFF,ABBBBBACCCCBAAACCDADDDDDEEEEFFEEFFFF,..x.......x..x.......x..x..........x,1850,Grandmaster,True
puzzle_78349,6,AABBCCAABBCCAABDECFFBDECFFDDEEFFDDEE,ABCCCCABBDCCABBDDEABDDDEAFEEEEAFFFFF,....x...x...x........x.......x.x....,1951,Grandmaster,True
puzzle_44244,6,AAAAAABBBCCCBDDCCCBDEEFFBDEEEFDDEFFF,AAABBCAADBBCADDBBCDDDCCCEEEFFFEEEFFF,..x.......x..x.......x..x..........x,2052,Grandmaster,True
