name,N,board_1,solution,score,tier,is_solved
puzzle_1,6,AA**AAA***A*AA*AAAAA*AAAAAAAA*A*A*A*,.....xx........x...x........x...x...,152,Expert,True
puzzle_2,6,*AAA*A*A*A**AAAAAA*A*A*AAAAAAAA*AAAA,.x.......x..x..........x..x.......x.,153,Expert,True
puzzle_3,6,*AAAA*A*A*AAA****A*AAA*AA**A*A***AAA,.x........x.x.......x........x...x..,153,Expert,True
puzzle_4,6,AA*A*AAA*AAAA*A*A*AAAAA*AAA*AAA***A*,...x...x........x...x........xx.....,153,Expert,True
puzzle_5,6,*AA*A****A*AAA**AA*A*AA**AAAAAAAAA**,..x........xx.........x..x.......x..,154,Expert,True
puzzle_6,6,**A*AAAA*AA**AAAAA**AA*A**A*A*AAAAAA,....x..x.......x.......x..x...x.....,154,Expert,True
puzzle_7,6,AA*AA**A**AAAAAAAA*A*AAAAAAAAA*A**A*,x.........x...x........x...x...x....,154,Expert,True
puzzle_8,6,*A*A**AAA*AAAA****A*AA*A*AA*AAA**AAA,.x........x.x.......x........x...x..,154,Expert,True
puzzle_9,6,AAA***AAAAAA****AAA**AAAA*AAAAAA*AAA,.x.......x.......xx.......x.......x.,154,Expert,True
puzzle_10,6,*A**AAAAAAA*****AA*AAAA**AA*AAAAAAAA,.x.......x.......x..x.......x.x.....,154,Expert,True
puzzle_11,6,AA**A*AAAAAAAA*****AAAA*AA*AA*AAAAAA,....x...x...x........x...x.........x,154,Expert,True
puzzle_12,6,A*AAA*AAAAA**A*AAAAA**AAA***A*AA*AAA,..x.......x..x.........xx........x..,154,Expert,True
puzzle_13,6,AA**A**AAA*AAA**A*A*AAAAAA**A*AAA*AA,....x...x...x........x...x.........x,154,Expert,True
puzzle_14,6,AA*AAA*A**AAAAAAAA*A**AAA*AAA**A**AA,x.........x...x........x...x...x....,154,Expert,True
puzzle_15,6,AA*AAA*A**AAAAAAAA*A**AAA*AAAA*A**AA,x.........x...x........x...x...x....,154,Expert,True
puzzle_16,6,*A**AAAAAAAA*A**AAAAAAAA*A**AAAA*AAA,.x.......x.......x..x.......x.x.....,154,Expert,True
puzzle_17,6,A*AAAAAA*AAA****AAAA*AA*AAAAAAA**A**,..x...x.........x..x.........x...x..,154,Expert,True
puzzle_18,6,AAAAA*AAAAA*AAA*A**A**AAA***AA*AA*AA,...x..x.........x..x.........x..x...,154,Expert,True
puzzle_19,6,*AAA*AAA*A*A**AAA**AAAA*AA*AA*A***A*,..x........x...x...x........x.x.....,154,Expert,True
puzzle_20,6,*AA*AAAA**A**AAAAAAAA*A*A*AAAAAA**A*,.....x.x.......x..x.......x.......x.,154,Expert,True
puzzle_21,6,*A*AAAAAAAAAA*AAA***A*A*AAAAAAA*A*A*,...x...x........x...x........xx.....,154,Expert,True
puzzle_22,6,A*AAAAAAAAAA*A*A*A*A*AAAAA*AAA*A***A,..x.......x..x.......x..x..........x,154,Expert,True
puzzle_23,6,AA**A*A***AAAAAAAAAAAAA*A*AA**AAAA**,.x.........x..x.......x.x........x..,155,Expert,True
puzzle_24,6,***AA***AAAAAAAAA*AAAA**A**A*A*AAAAA,....x...x...x........x.......x.x....,155,Expert,True
puzzle_25,6,A****AAA*AA**A*A*A**A**A*AAAAAA*AAAA,x........x...x.........x..x.......x.,155,Expert,True
puzzle_26,6,**AAAA**AA*AAAA*AAAAA**AAAA**AA*AAAA,....x...x...x..........x.x.......x..,155,Expert,True
puzzle_27,6,*AAAAAAA*A*AA**AAAAAA*AAA*AA***AA***,....x..x.......x.......xx.......x...,155,Expert,True
puzzle_28,6,***AA*A*A***AA*A*A*A**A*AAAAA**AAA*A,...x..x..........x.x........x...x...,155,Expert,True
puzzle_29,6,AA*A**AA***AAA**AA*AA*AA*AAA*A*A*AAA,...x..x.........x...x........x.x....,155,Expert,True
puzzle_30,6,***AAAAAAAAA*AA***AAA**AA*AA**AAAAA*,....x.x.......x........x...x...x....,155,Expert,True
puzzle_31,6,*AAA*AA*AAA***A*A*AAA*AAA*A*A*AAAAAA,.x........x...x........xx........x..,155,Expert,True
puzzle_32,6,AA*AAAA**A*AAAAAAAAA***A*AAAAAA**A*A,....x.x.......x........x.x.......x..,155,Expert,True
puzzle_33,6,AAAA*AA*AAA***A*A*AAAAAAA*A*A*AAAAAA,.x........x...x........xx........x..,155,Expert,True
puzzle_34,6,*AAAAAAA*AAAA**AAAA**AA*A*AA**AAAA**,....x..x.........x...x..x.......x...,155,Expert,True
puzzle_35,6,*AAAA***AA*AAAA*AA*AA**AAA**A***AA**,....x...x...x..........x.x.......x..,155,Expert,True
puzzle_36,6,A*AAAAAAA*AA*A***A*A**AA*AAAAA*AAAAA,...x..x..........x.x........x...x...,155,Expert,True
puzzle_37,6,AAAAA*A*A*A*AA*A*AAA*A*AA**AA***A*A*,...x..x..........x.x........x...x...,155,Expert,True
puzzle_38,6,AAAA***AAA**AAAAAAA***AA*A*A*A**AAAA,...x...x........x.x..........x..x...,155,Expert,True
puzzle_39,6,**AAAA**AA*AAAA*AAAAA**AAAA*AAA*AA**,....x...x...x..........x.x.......x..,155,Expert,True
puzzle_40,6,A*AAA*AAA*AAAAA**AAAA*AA**AA*A**AAAA,...x...x.........xx.......x.......x.,155,Expert,True
puzzle_41,6,*A*A***AA**AA*A*AA*AA*A**A*A*AAAAAA*,...x...x........x...x........xx.....,155,Expert,True
puzzle_42,6,A**A**AAA*AAA*AAA*AA***AA*AA***AAAA*,x.........x...x........x...x...x....,155,Expert,True
puzzle_43,6,A****AAAAAAAA*AAAAA**A**AAAA**AAAA*A,.....x..x.......x.x........x...x....,155,Expert,True
puzzle_44,6,A*A*A*AAAAA*AAAAAAA***A**A*AA*AA*AAA,....x...x........xx........x...x....,156,Expert,True
puzzle_45,6,*A*A**A***A*AA*A*AAAAA*A**AA*A*AA*A*,.x........x.x........x.......x..x...,156,Expert,True
puzzle_46,6,AAAAAAAAA*AAAA***AAA**AA**AA*A**AAAA,...x...x.........xx.......x.......x.,156,Expert,True
puzzle_47,6,AAAAA*A**A***A*A**AAAAAAA***AAA*A*AA,....x.x........x...x.........x..x...,156,Expert,True
puzzle_48,6,AAA***AAA**A*AAAAAA*A**A**AA*AAAA*AA,.x.........x...x..x.......x.......x.,156,Expert,True
puzzle_49,6,*AAAAAA**AA**A*AAAA**AAA**AA*A*AAAAA,.x.......x.......xx.......x.......x.,156,Expert,True
puzzle_50,6,**AAAA*A*AAAA***AAA**AA*A*AA**AAAA**,....x..x.........x...x..x.......x...,156,Expert,True
puzzle_51,6,AAAAAA*AA**A**A*A*A***AA*AAAAAA*A*A*,...x...x........x.x..........x..x...,156,Expert,True
puzzle_52,6,AA***A*A*AAA**A*AA*AAA*AA*AAAA**A**A,x........x.......x.x........x...x...,156,Expert,True
puzzle_53,6,AAAAAA*A*AA**AA*A*AAAA****A*AA*A**AA,...x...x........x.x.......x........x,156,Expert,True
puzzle_54,6,AAAAAA*A*AA**AA*A*AAAA***AA*AA*A**AA,...x...x........x.x.......x........x,156,Expert,True
puzzle_55,6,AAAAA*A*AAA*AAAAA*AAA*AAA***AAAA**AA,...x..x.........x...x........x.x....,157,Expert,True
puzzle_56,6,***AA*AAA*AAA**AA**A*AAAAAAAAAA***A*,....x..x.......x.......x..x...x.....,157,Expert,True
puzzle_57,6,***A*A**A*AAAAAAAA**AA*AA*AAAAAAAAAA,...x.......xx.......x.......x..x....,157,Expert,True
puzzle_58,6,**AAA***AA*AAAA***AAA**AA*AA*AAAAAAA,....x...x...x..........x...x...x....,157,Expert,True
puzzle_59,6,*AAA**A*AAAAA***AAAAAAAAA*A*A*A**A**,.x.......x.......x..x.......x.x.....,157,Expert,True
puzzle_60,6,**AAA*AAAA*AAA***AAAAAAA*AAA*A**A**A,....x...x...x........x...x.........x,157,Expert,True
puzzle_61,6,AAAA**A*AA**AAAAA*AA*AAAA***AAAAA*AA,...x..x.........x..x.........x..x...,158,Expert,True
puzzle_62,6,AAAAAAA**AAA***AAA**AAA**AAA*AA*AAAA,..x...x..........x...x...x........x.,158,Expert,True
puzzle_63,6,**A**A*A***AA*A*AAA*AAAAA*AAAAAAAA**,.....x.x........x...x...x........x..,158,Expert,True
puzzle_64,6,**AAAAA*A**AAAA****AAA**A*AAA**AAA*A,...x.......xx.......x.......x..x....,158,Expert,True
puzzle_65,6,AA*AA*A*AA**AAAAAAAAA**A*A***AA***AA,...x..x.......x........x.x........x.,158,Expert,True
puzzle_66,6,AAAA*AA**A*A***AAA**AAA**AAA*AA*AAAA,..x...x..........x...x...x........x.,158,Expert,True
puzzle_67,6,A*AAAAAAA**AAAA****AAA**A*AAA*AAAA*A,...x.......xx.......x.......x..x....,158,Expert,True
puzzle_68,6,AAAAAAA*A*A*AAAA**AA*A****AAAA***AA*,.x........x...x...x..........x...x..,158,Expert,True
puzzle_69,6,**A*AAAAAAAA*AAAAA**AA*A**A*A*AAAAAA,....x..x.......x.......x..x...x.....,158,Expert,True
puzzle_70,6,*A*AAA*AAAAAAAAAAAAAA*AA*A***AAA**AA,...x...x........x...x........xx.....,158,Expert,True
puzzle_71,6,AA*A*AAAA*AAAA****AAAA*A**AAAAA**AAA,.x........x.x.......x........x...x..,158,Expert,True
puzzle_72,6,*AAAAA*AAAAA*A**AA*A***AAAA*AAAAAA*A,..x.......x..x.........xx........x..,159,Expert,True
puzzle_73,6,*AAAAA*AAAAA*A**AA*A***AAAA*AAAAAAAA,..x.......x..x.........xx........x..,159,Expert,True
puzzle_74,6,AAAA**AAAA*A*A*AAAA***AAAA*A*AAA**AA,..x...x........x.......x.x........x.,159,Expert,True
puzzle_75,6,***AA***A*AAAAAA***AAA**A***A*AAAAAA,...x.......xx.......x.......x..x....,159,Expert,True
puzzle_76,6,AAAAAA*AA*AAAA****AAA*A***AA*A*A*AAA,.x........x.x.......x........x...x..,159,Expert,True
puzzle_77,6,***AA*AAA*AAAAAA*A*A*A***AA*A*AAAAA*,...x..x..........x.x........x...x...,159,Expert,True
puzzle_78,6,AAA*A*A*AAA*AAAAAAA***AAAA***AAAA*AA,..x...x........x.......x.x........x.,159,Expert,True
puzzle_79,6,AA*AAA*AA**A**AAAA**AAAAAA**A**A***A,...x...x........x...x...x..........x,159,Expert,True
puzzle_80,6,A***A**A**AAAAAA**AAAA**AA*AA*AAA*AA,x..........x...x...x........x...x...,159,Expert,True
puzzle_81,6,A***A*AA**AAAAAA**AAAA**AA*AA*AAA*AA,x..........x...x...x........x...x...,159,Expert,True
puzzle_82,6,A**AAA*AA**A**AAAA**AA*AAAA*AA*A***A,...x...x........x...x...x..........x,159,Expert,True
puzzle_83,6,*A***AAA**AA*AAAA***AA*A*A*A*AAAAAAA,.x........x...x........x...x..x.....,159,Expert,True
puzzle_84,6,AAAA**AAA*AA*AAA*AAA*AAA*AA**A*A***A,...x..x.......x.......x..x.........x,159,Expert,True
puzzle_85,6,AAAAAA**A*A***AA*A*A*AAAAAAAAA**A*AA,x.......x........x...x...x........x.,159,Expert,True
puzzle_86,6,A***A*AAAAAAA*AA**AA**A*AA*AA*AAA**A,x..........x...x...x........x...x...,159,Expert,True
puzzle_87,6,A*AAAAAA*A*AA***A*AA**A*AAAAA*AAAAA*,..x........xx.........x..x.......x..,159,Expert,True
puzzle_88,6,AAA*AAAA*AAAAAA**A*AA*A****A*AA*AA*A,.x........x.x.......x........x...x..,159,Expert,True
puzzle_89,6,A*AA*AA*A****A*AA*A**AAAAAA*AAAAAAAA,..x...x........x.......x.x........x.,159,Expert,True
puzzle_90,6,A*AAAA*A**AA*AA*AA*A*AA**AAAA*A*A*A*,...x.......x.x........x...x...x.....,159,Expert,True
puzzle_91,6,A*A*A**AAAA**A*AA**AA*AA*A**AAAAAAAA,x.......x.......x..x.........x...x..,159,Expert,True
puzzle_92,6,*A*AA***A**A*AA*AAAAA**AA***AAAA*AA*,...x.......x..x...x.........x..x....,159,Expert,True
puzzle_93,6,*A***A*AA**A*AAAAA*AAA*AAAA*A*A*AAAA,.....x.x........x...x...x........x..,159,Expert,True
puzzle_94,6,A*AAAAAA*A**A*AA**AAAAA*AAAAAAAA****,.....x...x..x.......x.......x..x....,159,Expert,True
puzzle_95,6,AAAAAAAA*AAAA*AAA*AAAAA*A**AA*A***A*,..x........x...x...x........x.x.....,159,Expert,True
puzzle_96,6,A**AAAAA***AAAA*A**AAAAA**AAAA**AAAA,...x..x.........x..x.........x..x...,159,Expert,True
puzzle_97,6,AA*A**AAAAA*AA*AAAA***AAAA*A*AAAAA*A,...x...x........x.x..........x..x...,160,Expert,True
puzzle_98,6,AAAAAAA*A*AAAA***AAAAAAA**AAA***AAAA,...x..x..........x.x........x...x...,160,Expert,True
puzzle_99,6,AA**AAAA*A*AA***AAAA*AAAAAAA*AAAAA**,....x..x.........x...x..x.......x...,160,Expert,True
puzzle_100,6,*A***AAA**AA*AAAA**AAA*A*A*A*AAAAA*A,.x........x...x........x...x..x.....,160,Expert,True
puzzle_101,6,A***AA*AA**A*A*AAA**AAAA**A*AAA*AAAA,....x..x.......x.......x..x...x.....,160,Expert,True
puzzle_102,6,A*AAA**AAA**A*AAA*AA*AAAAAA*AAA***A*,....x..x.......x.......x..x...x.....,160,Expert,True
puzzle_103,6,AAAA**AAAA**AA**AAA***AAAA*A*AA*AAAA,...x...x........x.x..........x..x...,160,Expert,True
puzzle_104,6,**AAAA**AAAAAAA*AAAAA**AA*A*AAA**AA*,..x.......x..x.........xx........x..,160,Expert,True
puzzle_105,6,AAA**AAA*A*AA**AAAAA*AAAAAAA**AAAA**,..x........xx.........x..x.......x..,160,Expert,True
puzzle_106,6,**A*AAAA*AA**AAAAA**AA*A**A*A*AAA*AA,....x..x.......x.......x..x...x.....,160,Expert,True
puzzle_107,6,AA*AAA*A**AAA*AAAA***AAAAAAAAA*A**A*,x.........x...x........x...x...x....,160,Expert,True
puzzle_108,6,*AAAAAAAAAAA*AAA*A*A*A**AA*AAA*A*A*A,..x.......x..x.......x..x..........x,160,Expert,True
puzzle_109,6,AAAAA*A*A*A*AA*AAAAA*A*AA**AA***A*A*,...x..x..........x.x........x...x...,160,Expert,True
puzzle_110,6,*A*A***AA**AA*A*AAAAAAAA*A*A*A*AAAAA,...x...x........x.x..........x..x...,160,Expert,True
puzzle_111,6,AAAAA*A*A*A*AAAAAAAA*AAAA**AA***A*A*,...x..x..........x.x........x...x...,160,Expert,True
puzzle_112,6,*AAAAA**A**A*AA*AAAAA**AA*A*AAAAAAAA,...x.......x..x...x.........x..x....,160,Expert,True
puzzle_113,6,AA**A*A*A*AAAA***A*AA*AAA*AA*A**AA*A,.x........x.x.......x........x...x..,160,Expert,True
puzzle_114,6,*AAAAAAA*A*A****AA*A*AAAA*AA**AAA*A*,....x..x.........x...x..x.......x...,160,Expert,True
puzzle_115,6,*A**AAAA*A*AA***AAAA*AA*AAAA*AAAAA**,....x..x.........x...x..x.......x...,160,Expert,True
puzzle_116,6,AAA*A*A*AA***A*AAA****AAAA*AAAAAAAAA,..x...x........x.......x.x........x.,160,Expert,True
puzzle_117,6,AA**AAA*A*AA*AAA*A*AAAAAAAAAAA****AA,x.......x........x...x...x........x.,161,Expert,True
puzzle_118,6,*A**AA*AAAAA*AAAA**AAA**AAA*AAAAAAAA,.....x.x........x...x...x........x..,161,Expert,True
puzzle_119,6,****AA*AAAA*AAA*A*AA***AAAA*AAA*AAAA,....x...x...x..........x.x.......x..,161,Expert,True
puzzle_120,6,AAA*AA**AA*AA*AAAAAAAAAAAAA**AAAA***,....x...x...x........x.......x.x....,161,Expert,True
puzzle_121,6,A*A*AA*AAAA**A*AAA*AA*AA*A***AAAAAAA,x.......x.......x..x.........x...x..,161,Expert,True
puzzle_122,6,AA**AAA*AA**AAAA*AAAAAAAA**AAA***AAA,.x.......x.......x..x...x.........x.,161,Expert,True
puzzle_123,6,**AAAA*AAAAA*AA*AA*A***AAAA*AAA*AAA*,..x.......x..x.........xx........x..,161,Expert,True
puzzle_124,6,A*AAAAAAA*AA*A***A*AA*AA*AAAAA**AAAA,...x..x..........x.x........x...x...,161,Expert,True
puzzle_125,6,*AAAAAAA*AAA**AAA**AAAA*AAAAA*AA**A*,..x........x...x...x........x.x.....,161,Expert,True
puzzle_126,6,AAA*AAAA**A***AAAAAAA***AAAAAAAA**A*,.....x.x.......x..x.......x.......x.,161,Expert,True
puzzle_127,6,A*A*A*AAA*AA**A*A*A*AAA*AA*AAAAAAAAA,x..........x..x.......x..x.......x..,161,Expert,True
puzzle_128,6,AAA**AAA*A*AA***A*AA*AAA*AAAA*AAAA**,..x........xx.........x..x.......x..,161,Expert,True
puzzle_129,6,A*AAAAA*A*AA*A***AAAA*AA*AAAAA**AAAA,...x..x..........x.x........x...x...,161,Expert,True
puzzle_130,6,AA**AA*AAA*AA***AAAA*AAAAAA**AA*A***,....x..x.........x...x..x.......x...,162,Expert,True
puzzle_131,6,*A*A***A*A*A**A*A*AA*AAAAAAAAAA*A*A*,...x...x........x.x..........x..x...,162,Expert,True
puzzle_132,6,AAA***AAAA**AAA*AAA**AAAAA*AAAAAAA*A,.x.......x.......xx.........x...x...,162,Expert,True
puzzle_133,6,AAAAAAAAA*AAAA***AAAA*AA*AAAAA****AA,...x...x.........xx.......x.......x.,162,Expert,True
puzzle_134,6,**AAA*AA*A*AAAA*A**AA**AA*A*A*AAAAA*,...x.......xx.......x.......x..x....,162,Expert,True
puzzle_135,6,*A*AA**A**AA**A*A*AA*AA*AAAAAAA*A*A*,...x...x........x.x..........x..x...,162,Expert,True
puzzle_136,6,*A*A*AAAAAAA*AA*AA*A*A**AA**A**AA*AA,...x..x..........x.x........x...x...,162,Expert,True
puzzle_137,6,AAAAAAAA*AA*AAAAAA*A*A**A*AA**AAAAA*,....x..x.........x...x..x.......x...,162,Expert,True
puzzle_138,6,A*A**A*A**AA**AAAA*AA**AAAAAAA*A**AA,x.........x...x........x...x...x....,162,Expert,True
puzzle_139,6,*A***AAA**A**AA*A**AAA*A*AAA*AAAAA**,.x........x...x........x...x..x.....,162,Expert,True
puzzle_140,6,A***A*AAAAAAAAAA**AAA****A*AA**AA**A,x..........x...x...x........x...x...,162,Expert,True
puzzle_141,6,*AAAAAAAAAA*A*AAA**A*AA**A**AAA***A*,.....x..x...x........x...x........x.,162,Expert,True
puzzle_142,6,AAAAAA*AAAAA*AAA*A*AA*A*AA**A**A***A,x........x.......x..x.......x..x....,162,Expert,True
puzzle_143,6,AAA***AAAA*A**AAA*A**AAAA*AA**AA**AA,.x.........x...x..x.......x.......x.,163,Expert,True
puzzle_144,6,AAA*AA*AAA*AA*AA**AAA****A*AA*A****A,..x........x...x...x........x.x.....,163,Expert,True
puzzle_145,6,*AAAAAA*AA*A**AAAA**AAA*A**A*AAAA***,...x..x.........x...x........x.x....,163,Expert,True
puzzle_146,6,*A*A**A*AA**AAAAA*AAAA*AAA**A*AAA*AA,...x..x.......x........x.x........x.,164,Expert,True
puzzle_147,6,AAAAA*AA*AA*AA***A*AA*A**AAA*AA*AAA*,.x........x.x.......x........x...x..,165,Expert,True
puzzle_148,6,A***A*AAAA*AAA**AAAA*AA*AAAAA****AA*,x.......x........x...x...x........x.,165,Expert,True
puzzle_149,6,*AA***AAAA**AAAAAA**AA*A**A*AA*AAAAA,.x.......x..x..........x..x.......x.,165,Expert,True
puzzle_150,6,*AAAAA*AAA**AAA***AAAA*AA***A**AAA**,.....x...x..x.......x.......x..x....,165,Expert,True
puzzle_151,6,AAAAAAAA*AAAA***AA*AAAAAA*AA**AA****,..x.......x.x..........x...x...x....,165,Expert,True
puzzle_152,6,**AAAA**AAAA*AA*AA*AA**AAAA*AAAA*AAA,..x.......x..x.........xx........x..,165,Expert,True
puzzle_153,6,*A***A*AA*AA*A*AAA*AAAAAAAA*AAAAAAAA,.....x.x........x...x...x........x..,165,Expert,True
puzzle_154,6,*A***AAA**AAAAAA*A*A*AAA**AA*A**AAA*,.x........x.x........x.......x..x...,165,Expert,True
puzzle_155,6,A*AAAAAA*AAA**AAA*AAAA*AA**AA*A***A*,..x........x...x...x........x.x.....,165,Expert,True
puzzle_156,6,A***A*A**AA*AAAAAA**AAA*AA*AAAA*AAAA,x.........x..x.......x.......x..x...,165,Expert,True
puzzle_157,6,**AA*A*AAAAA*AAA**AAA***AAAA*AAAAAAA,.....x.x.......x..x.......x.......x.,165,Expert,True
puzzle_158,6,*AAAAAAA*AAAA***A*AA*AA*AAAAA*AAAA**,..x........xx.........x..x.......x..,166,Expert,True
puzzle_159,6,*A**AAAAAAAA*AA*AAA**AAAAAA*AA*A**AA,.x.......x.......xx.......x.......x.,166,Expert,True
puzzle_160,6,AA*AA*AAA***AA*AA*A*AAAAAA***A***AA*,....x...x...x..........x.x.......x..,166,Expert,True
puzzle_161,6,*A**AAAAA*AAA**AAA*AA*AA*AAAAA*A**AA,....x...x...x..........x...x...x....,166,Expert,True
puzzle_162,6,AAAAA*A**A***A*AA*A**AAAAA*AAAAAA*AA,..x...x........x.......x.x........x.,166,Expert,True
puzzle_163,6,AAAAA*A**A***A*AA*A**AAAAA*AAAAAAAAA,..x...x........x.......x.x........x.,166,Expert,True
puzzle_164,6,A**AAA***AA*AAA*A*AAAA**AA*AA*AAAA*A,.....x...x..x.......x.......x..x....,166,Expert,True
puzzle_165,6,AAA**A*AA****AAAAA**AAAA*AA*AAA*AAAA,x.......x........x...x...x........x.,166,Expert,True
puzzle_166,6,AAAAA*AA*AAA*A*A***AA*A*AAA*AA*A*AA*,..x........x.x........x.x........x..,166,Expert,True
puzzle_167,6,AA**A*AAAAAAA**AA*AAA**AAA*AAAAA**A*,....x...x...x..........x...x...x....,166,Expert,True
puzzle_168,6,AAAA**AAAAA*AA*AA*A***A*A**AAAAAA*AA,...x...x........x.x..........x..x...,166,Expert,True
puzzle_169,6,AAAAAAAAA**AAA***AAAA*AA*AAAAA****AA,...x...x.........xx.......x.......x.,166,Expert,True
puzzle_170,6,AAAAAAAAAAAA*A*A***A**A*AAA*AA*A*AA*,..x........x.x........x.x........x..,167,Expert,True
puzzle_171,6,AAAAA*A**A**AA*AA*A**AAAAA**AAAAAAAA,..x...x........x.......x.x........x.,167,Expert,True
puzzle_172,6,AAAAAAA*A*AAA****AAAAAAAA*AAAA***AAA,.x........x.x.......x........x...x..,167,Expert,True
puzzle_173,6,*AAAAA*A*AAAA***AAAAAAA**AAA**AAAA**,..x........xx.........x..x.......x..,167,Expert,True
puzzle_174,6,AAAAAA**A*AAA****AAAAAAAA*AAAA***AAA,.x........x.x.......x........x...x..,167,Expert,True
puzzle_175,6,AAA***AAAA**AA*AAAA**AAAAA*AAAAAAA*A,.x.......x.......xx.........x...x...,167,Expert,True
puzzle_176,6,*A***AAA**AA*AA*A**AAA*A*AAAAAAAAAAA,.x........x...x........x...x..x.....,167,Expert,True
puzzle_177,6,*AAA*A*A*AAAA***AAAA*AAAAAAA**AAA***,..x.......x.x..........x...x...x....,167,Expert,True
puzzle_178,6,AAA***AAAA**AA*AAAA***AA*A*AAAAAAA*A,.x.......x.......xx.........x...x...,167,Expert,True
puzzle_179,6,AAAA***AAA**AAAAA*A***AAAA*AAAA*AAAA,...x...x........x.x..........x..x...,167,Expert,True
puzzle_180,6,*AAA***AAAA*AAAAAA*A*AA*A**A**AAAAAA,..x.......x..x.......x..x..........x,168,Expert,True
puzzle_181,6,A*AA*AAA*AA*AAAA***AA*AAA***A*AA***A,.....x...x..x.......x.......x..x....,168,Expert,True
puzzle_182,6,AA***AA***A**AA*AAAAAA**AAAAA*A*AA*A,.x........x...x...x........x.......x,168,Expert,True
puzzle_183,6,A*A**A*AA*A****AAA**AAAAA*AAAAAA*AAA,.....x.x........x...x...x........x..,168,Expert,True
puzzle_184,6,AAAA*AAAAAA*AAAA**AAA*AAA***A*AA***A,.....x...x..x.......x.......x..x....,168,Expert,True
puzzle_185,6,AAAAAAAAAA*AAAAA**AAA****A*AA*A**AAA,..x........x...x...x........x.x.....,168,Expert,True
puzzle_186,6,AA**AAAA***AA*AAAA*AA*AA**AAAA*A*AAA,....x.x.......x........x...x...x....,170,Expert,True
puzzle_187,6,AA**AAA***AAAAAA*AAAAAA*AAAA**AAA*A*,.x.........x...x..x.......x.......x.,170,Expert,True
puzzle_188,6,AAAAAAAAAAA*A*AAA*AA*AA*AA***AA***A*,.....x..x...x........x...x........x.,171,Expert,True
puzzle_189,6,AAAA**AAAAA*AAAAA**A**AAA***AA*AA**A,...x..x.........x..x.........x..x...,172,Expert,True
puzzle_190,6,AAAA**AAAAA*AAAAA**A**AAA***AAAAA**A,...x..x.........x..x.........x..x...,172,Expert,True
puzzle_191,6,A***A*AA**AAAA*AA*A*AAA*AAAAA*AAAAAA,....x..x.......x..x.......x........x,172,Expert,True
puzzle_192,6,*A*AAA**AAA**AAAAAAA*AAAAAA*AA*A**AA,.x.......x.......xx.......x.......x.,173,Expert,True
puzzle_193,6,AAA*A**AAA**AAAAA*AAA**AAA*AAAAA**A*,....x...x...x..........x...x...x....,173,Expert,True
puzzle_194,6,*AAA*A*AA*A**AA*AAAAAA**AA**AA*A**A*,...x...x.........x..x...x.........x.,176,Expert,True
puzzle_195,6,***AA***AAAAAA*AAAAAAAA*AAA*A**A*AA*,...x.......xx.......x.......x..x....,177,Expert,True
puzzle_196,6,AAAAAAA*A**AAAA*AAAA*AAA**A**A**A*AA,...x..x.........x..x.........x..x...,184,Expert,True
puzzle_197,6,AAAAAAA*AA*A**A**AAAAAAA**AA*A**AAAA,.x.......x.......xx.......x.......x.,184,Expert,True
puzzle_198,6,AAAAAA*A*A*AA**A**AAAAAAA*AA**AA*A**,....x..x.......x.......x..x...x.....,184,Expert,True
puzzle_199,6,AAA***A*AA**AA*AAAA**A**A*AAAAAA*AAA,.x.......x.......xx.......x.......x.,184,Expert,True
puzzle_200,6,**A*AA**A**AAAAAAAAA**AAA*A**AAAAAAA,..x........x.x........x.x........x..,184,Expert,True
puzzle_201,6,AA*A*AA***A**A***AAAAA*A**A**A*AAAAA,x.........x..x.......x.......x..x...,185,Expert,True
puzzle_202,6,AAAAAAA****A*A***AAAA*AAAA*A**AA*AA*,..x........x.x........x.x........x..,186,Expert,True
puzzle_203,6,AAA*AAAAAA*A**A**AAA***AA*A**A*AAAAA,.x.......x.......xx.......x.......x.,186,Expert,True
puzzle_204,6,AAAAAAA*A**AAA***A**A**AAAAA*AAAA*AA,....x...x...x..........x...x...x....,186,Expert,True
puzzle_205,6,AAAAAAAAA*AAA****AA**AAAA*AA**A*AA*A,....x..x.........x...x..x.......x...,188,Expert,True
puzzle_206,6,AAAA*AA*A*AAAAA**AAA****AAAA*AAAA*AA,.x........x...x...x........x.......x,189,Expert,True
puzzle_207,6,AAA*AA*A***AA***AAAAA*AA*A*A*A*AAA*A,..x........xx.........x..x.......x..,189,Expert,True
puzzle_208,6,AAA*AA*A***AA***A*A*A*A*A*AAAAAAAAA*,.....x.x........x...x...x........x..,189,Expert,True
puzzle_209,6,AAA*AA*A***AA***A*AAA*A*A*AAAAAAAAA*,.....x.x........x...x...x........x..,189,Expert,True
puzzle_210,6,AAAAA*A*AAAAAAA*AAA***A**A***AAAA*AA,...x..x.......x.......x..x.........x,189,Expert,True
puzzle_211,6,A**AAA**A*AA**A**AAAA*AAA*A*AAAA*A**,...x.......x..x...x.........x..x....,190,Expert,True
puzzle_212,6,**AAAAAAAA*AAA****AAA**AAAAA*AAA**AA,....x...x...x..........x...x...x....,190,Expert,True
puzzle_213,6,AAAAAAAAA*AAA****AA*AAAAA*AA**A*A**A,....x..x.........x...x..x.......x...,190,Expert,True
puzzle_214,6,*A*AAAA*AAAAA**AAA****AAA*AAAAAAAA**,....x...x...x..........x...x...x....,190,Expert,True
puzzle_215,6,*AAAAA*AAAAAAA*AAAAA**A*A****AAA*AAA,..x........x.x........x.x........x..,190,Expert,True
puzzle_216,6,*AAA***AA*A*AAAAAA*A**AA*AA*AAA*AAAA,..x.......x.x..........x.x.......x..,190,Expert,True
puzzle_217,6,**AAAAAA*A**A***AAA**A*A*A*AA**AA**A,...x...x.........xx.........x...x...,190,Expert,True
puzzle_218,6,A**AA**AA*A*AAA**AAA***A**A*AAAAAA**,...x...x.........xx.........x...x...,190,Expert,True
puzzle_219,6,A**AA****A*AAAAAA*A****AAA**AAAAAAAA,...x.......x..x...x.........x..x....,191,Expert,True
puzzle_220,6,***AAA**AAAAAAAAAA**A**AAAAA*AAA**AA,....x...x...x..........x...x...x....,191,Expert,True
puzzle_221,6,AAA**AA*A***A*AAAAA****AAA**AAAAAAAA,..x...x........x.......x.x........x.,191,Expert,True
puzzle_222,6,A**A*AA***A*AA***AAAAAAAAAAA*AAAA*AA,x.........x..x.......x.......x..x...,191,Expert,True
puzzle_223,6,AAAAAAAAAA*AAAAAAAAA***AA***A*A**AAA,..x........x...x...x........x.x.....,191,Expert,True
puzzle_224,6,AAAAAAAAA**AAAA*A**AAAAA**A*AA**A*AA,...x..x.........x..x.........x..x...,191,Expert,True
puzzle_225,6,AAAA*AA*A*AAAAA**AAAA***AAAA***AAAAA,.x........x...x...x........x.......x,191,Expert,True
puzzle_226,6,AA*AAA**A*AAAAA*A***A**A**A*AAA**AAA,.x........x.x.......x........x...x..,191,Expert,True
puzzle_227,6,A**AAA**A*AA**A**AAAA*A***A*AAAAAAAA,...x.......x..x...x.........x..x....,191,Expert,True
puzzle_228,6,**AAAA*AAA*AAAA****AA**AA*AA**AAAAAA,....x...x...x..........x...x...x....,191,Expert,True
puzzle_229,6,AAA*A*AAAA*A**A**AAAAAAA**AAAA***AAA,.x.......x.......xx.......x.......x.,191,Expert,True
puzzle_230,6,*AAAAA*A**AAA****AAAAAAAA*A***AAA**A,....x..x.........x...x..x.......x...,191,Expert,True
puzzle_231,6,AAAA*AAA*A**A**A**AA*AAAAA*A*A**AAAA,..x...x........x.......x.x........x.,191,Expert,True
puzzle_232,6,AAAAA*A*A*AAAAA*AA**A**A**A*AAA*AAAA,.x........x.x.......x........x...x..,191,Expert,True
puzzle_233,6,AAAA*AAA*A**A**A**AA*AAAAA*A*AAAAAAA,..x...x........x.......x.x........x.,191,Expert,True
puzzle_234,6,AA*A**AA*A***AA*A**A**AAA**AAAAAAAAA,...x..x.........x..x.........x..x...,191,Expert,True
puzzle_235,6,AAAAAAAAA**AAA**A**AAAA***A*AA**A*AA,...x..x.........x..x.........x..x...,191,Expert,True
puzzle_236,6,AAAA**A**A**AAA*AAA***AAAA*A*AAAAAA*,...x..x.......x........x.x........x.,192,Expert,True
puzzle_237,6,AAAAA*A*AA*AAAA****AAA*AA***A**AAA**,...x.......xx.......x.......x..x....,192,Expert,True
puzzle_238,6,*A*AAAA*AAAAA*AAAAA*A*AA*A***A**A*A*,...x..x.......x........x.x........x.,192,Expert,True
puzzle_239,6,A*AAAAAA*AAAA***A*AA**AAA*AAA*AAAA**,..x.......x.x..........x...x...x....,192,Expert,True
puzzle_240,6,A*A*AAA*AA*A*AAAAAA****AA***AAAAAAAA,..x........x...x..x.........x..x....,193,Expert,True
puzzle_241,6,AA**AAAA***AAAAAA**AAAAA**A**A*AAAAA,....x.x........x...x.........x..x...,193,Expert,True
puzzle_242,6,AAAA*A**AAAA**AA*AAAAAAA*A***AA***A*,x.......x........x...x...x........x.,193,Expert,True
puzzle_243,6,*AA***AAAAAA*A***AAAA*AAAAAAAA*AA**A,.x.......x.......xx.........x...x...,193,Expert,True
puzzle_244,6,AAAAAAA*AA*AA**AA****AAAA*AAA*AAAA**,....x...x...x..........x...x...x....,193,Expert,True
puzzle_245,6,AA**AAA***AAAAAA*AAAAAA*A**A**AAAAA*,.x.........x..x.......x.x........x..,193,Expert,True
puzzle_246,6,***AAAA*AAAAAAAA**A*AA**A*AA*AAAAAAA,....x...x...x........x.......x.x....,193,Expert,True
puzzle_247,6,***AAA**AAAAAAA*AA**A**AAAAA*AAAA*AA,....x...x...x..........x...x...x....,193,Expert,True
puzzle_248,6,*AA**A*A**A*A*AAAA*AAAA**AAAA*AAAA*A,..x.......x.x........x...x.........x,193,Expert,True
puzzle_249,6,A*A**A*AAAAA**AAAAA*AAAAAA*AAA**A**A,.....x.x.......x..x.........x...x...,193,Expert,True
puzzle_250,6,AA*AA*A*AA*A**AA*A**AAAAAAAA*AAAA***,....x.x.......x........x...x...x....,193,Expert,True
puzzle_251,6,AA**AAAA***AAAAAAA*AAAAA**A**A*AAAA*,....x.x........x...x.........x..x...,193,Expert,True
puzzle_252,6,AA*AAAA*A*AAA*A**AAAA***AAAA****AAAA,.x........x...x...x........x.......x,193,Expert,True
puzzle_253,6,A**AAAA***AAAA***AAAAAAA*AA**A*AAAAA,x.........x..x.......x.......x..x...,193,Expert,True
puzzle_254,6,AAAAAAAA*A*AA**AAA***AAA**AAAAAAAA**,....x..x.......x.......x..x...x.....,193,Expert,True
puzzle_255,6,A***A**A***A*AA*AAAAA*AAA*AAAA*AAAA*,....x..x.........x..x...x........x..,194,Expert,True
puzzle_256,6,*AAAAAAAAA*AAA*AAAAA*AA*A***A**A***A,..x........x...x..x.........x..x....,194,Expert,True
puzzle_257,6,**A**AAAAAAA*AA*AAA****AAAAAAA***AAA,..x.......x..x.........xx........x..,194,Expert,True
puzzle_258,6,A*AAAA*AAA*A**AAA*****AAA*AAAA*AAAAA,....x..x.......x.......xx.......x...,194,Expert,True
puzzle_259,6,AA***AA***A*AA*AAAAA*AAAAAA*A**AAAA*,.....xx........x...x........x...x...,194,Expert,True
puzzle_260,6,A***AA*A***AA*AAAAAAA*AA*A*AAA*A*AAA,x..........x..x.......x..x.......x..,195,Expert,True
puzzle_261,6,AAAAAAAAA*AAA****AAA*AAAA*A***AAAA*A,....x..x.........x...x..x.......x...,195,Expert,True
puzzle_262,6,*AA***A*AA*AAAAA***AA*A**A**AAAAA*AA,..x........x...x...x........x.x.....,195,Expert,True
puzzle_263,6,AA*AAAAA**AAA***AA***AAAAAA*****AA*A,....x..x.........x...x..x.......x...,195,Expert,True
puzzle_264,6,AAAAAA*AAA*AAA*****AAA**AAAAA***AA*A,....x...x...x........x...x.........x,195,Expert,True
puzzle_265,6,AAAAAAAAAA*AAA*****AAA**AAAAA***AA*A,....x...x...x........x...x.........x,195,Expert,True
puzzle_266,6,*AAAA*AA*A*AA****AA*AAA*A*AA*AAAA***,....x..x.........x...x..x.......x...,195,Expert,True
puzzle_267,6,*A*A*AA**AAAAAAAAAAAA*AA*A***AA***A*,...x..x.......x........x.x........x.,195,Expert,True
puzzle_268,6,A*AAA**AAA*A**AA*****AAAA*AAAA*AAAAA,....x..x.......x.......xx.......x...,195,Expert,True
puzzle_269,6,AAA*A*AA**A*****AAA**AAAAAAA**AAAA*A,....x..x.........x...x..x.......x...,196,Expert,True
puzzle_270,6,A****AAAAAAAA*A*AAA**AA*A*AAAAAAAAAA,.....x..x.......x.x........x...x....,196,Expert,True
puzzle_271,6,AAAAAAA*A*AA**A**AAAA***AA***AA*AAAA,.x........x...x...x..........x...x..,196,Expert,True
puzzle_272,6,**AA*AAAAAAAA*A**AAA******AA*AAAAAAA,...x...x.........xx.......x.......x.,196,Expert,True
puzzle_273,6,AAAAAAA*AA*AAA****A*A**AAAAAAA**AA*A,....x...x...x..........x.x.......x..,196,Expert,True
puzzle_274,6,A*AA**AAAAAAA**AAA****AAA*AA*AAAAAAA,..x.......x.x..........x...x...x....,196,Expert,True
puzzle_275,6,AA*AAAA***A*AA**AAAA*AAAAAAAA*AAAAA*,...x..x..........x.x........x...x...,196,Expert,True
puzzle_276,6,***AA***AAAAAAAAAAAA***AA*A*AAAAAAAA,...x.......x..x...x.........x..x....,197,Expert,True
puzzle_277,6,AAAA*A*A**AA*AA*AA*A*AA**AAAA*AAA*AA,...x.......x.x........x...x...x.....,197,Expert,True
puzzle_278,6,A**A*AAAAAA*AAAA**AAAA*AAAAAAAA**A**,x.........x...x........x.x.......x..,197,Expert,True
puzzle_279,6,AAAAA*A**A**AAAA**AAAAAAAA**A**AA**A,...x..x.......x.......x..x.........x,197,Expert,True
puzzle_280,6,**AAAA*A*AA*A**A**AAAAA*AAAA*A**AA**,....x..x.......x..x..........x..x...,197,Expert,True
puzzle_281,6,**A**AAAAAAAAAAA*AAA****AAAA*AAAAAAA,.....x.x.......x..x.......x.......x.,197,Expert,True
puzzle_282,6,A*AA***AAAAAA**AAA****AAA*AAAAAAAAAA,..x.......x.x..........x...x...x....,197,Expert,True
puzzle_283,6,A**A*AA*A*A*AA***AAA*AAA**AA*A**A*A*,x.........x..x.......x.......x..x...,197,Expert,True
puzzle_284,6,AAAA**A*AA**AAAAA*AAAAAAA**AAAAA**A*,...x..x.........x...x........x.x....,198,Expert,True
puzzle_285,6,AAAAAAA*AA*AA**AAA***AA*AAAAAAAAA***,....x...x...x........x.......x.x....,198,Expert,True
puzzle_286,6,AAAAAAA***AAAA***AAAAA*A**AAAA***AAA,.x........x.x.......x........x...x..,198,Expert,True
puzzle_287,6,A*AAA*A**A**AAAA**AA**AAA***AAAAA*AA,....x.x........x...x.........x..x...,198,Expert,True
puzzle_288,6,**AAAA**AA*A*A*AAAAAA**AA*A*A**AAAA*,..x........x...x..x.........x..x....,198,Expert,True
puzzle_289,6,AAAAAAAA*A*AA**AAAAAA*AAA*AA***AA***,....x..x.......x.......xx.......x...,198,Expert,True
puzzle_290,6,AA*A**AAAAA*AA**A*A***AAAA*AAAAAAAAA,...x...x........x.x..........x..x...,198,Expert,True
puzzle_291,6,AAA*AAAAAA*A*AA**AAAA*****AAAA***AAA,.x.......x.......xx.......x.......x.,198,Expert,True
puzzle_292,6,AA*AA*AA***AAA**AA*AAAAA*AAA*A*A*AAA,...x..x.........x...x........x.x....,198,Expert,True
puzzle_293,6,AAAA**A*AA**A**AA*A**AAAAA*AAAAAAAAA,..x...x........x.......x.x........x.,198,Expert,True
puzzle_294,6,AAA*AAAA**AAA****AAAAAA***AAAAA**AAA,.x........x.x.......x........x...x..,198,Expert,True
puzzle_295,6,AAA*AAAA**AAA****AAAAAAA**AAAAA**AAA,.x........x.x.......x........x...x..,198,Expert,True
puzzle_296,6,*A**A*A**AAAAAA*AAAAAAA*A*AA**AAAA**,.x.........x..x.......x.x........x..,198,Expert,True
puzzle_297,6,AAAAAAA*AA*AA**AAA***AA*AAAA*AAAA***,....x...x...x........x.......x.x....,198,Expert,True
puzzle_298,6,**AAAA**AAAA*A*AAAAAA*A*AA***AAA*AAA,..x........x.x........x.x........x..,199,Expert,True
puzzle_299,6,**AAAA**AA*A*AAAAAAAA*AAAAA**A*A*AAA,..x........x.x........x.x........x..,199,Expert,True
puzzle_300,6,AAAA**A*AA**AAA*A*A**AAAAA*AAAAAAAA*,...x..x.......x........x.x........x.,199,Expert,True
puzzle_301,6,AA*AAA**AAA**AAAA*A**AA*AA**A*AAAA*A,.....x...x...x........x.x.......x...,199,Expert,True
puzzle_302,6,AAAAAAA**AA*AAAAA*AAAAA*AA**AAA***A*,..x.......x..x.......x.......xx.....,199,Expert,True
puzzle_303,6,AAAAAAAAA**AAAAAAA**A*A***AA*A*A*AAA,...x..x.........x...x........x.x....,199,Expert,True
puzzle_304,6,AAA***AAA**AAAAAAAA***AAA*AA*AAAA*AA,.x.........x...x..x.......x.......x.,199,Expert,True
puzzle_305,6,AA*A**A*AAA*AA**AAA***AAAA*AAAAAAAAA,.x.......x.......xx.........x...x...,199,Expert,True
puzzle_306,6,AAAAAAAAA*A**A***AAA**AA*AAA*A**AAAA,...x...x.........xx.......x.......x.,199,Expert,True
puzzle_307,6,AA*A**A***A**A***A*AAAAAAAA**AAAAAA*,x.........x..x.......x.......x..x...,199,Expert,True
puzzle_308,6,AAAAAAA**A*AA***AAAA**AAAAAAA*AA*A**,..x........xx.........x..x.......x..,199,Expert,True
puzzle_309,6,AAAAAAAA*AAAA***A*AA**AAA*AAA*AAAA**,..x.......x.x..........x...x...x....,199,Expert,True
puzzle_310,6,*AA***A*AA**AAA*AAA**AAAAA***AAAAAAA,..x...x..........x...x...x........x.,199,Expert,True
puzzle_311,6,**AAAA**AA*A*AA**AAAA**AAAA*A*AAAA**,...x.......x..x...x.........x..x....,199,Expert,True
puzzle_312,6,AAA***AAAA**AAAAAAA***AA*A***A*AAAAA,..x...x........x.......x.x........x.,199,Expert,True
puzzle_313,6,*A*AA*AAA**AAAA*A**AAAAA**AA*A**AAAA,...x..x.........x..x.........x..x...,199,Expert,True
puzzle_314,6,*AA***AAAA***AAAAAA**AAAA*AA*AAA*AAA,.x.......x.......xx.......x.......x.,199,Expert,True
puzzle_315,6,AAAAAAAA*A*AA**AAAAAAAA**AAA**AAAA**,..x........xx.........x..x.......x..,199,Expert,True
puzzle_316,6,AAAAA*AAA**AAAAAAA**A*A***AA*A*AAAAA,...x..x.........x...x........x.x....,200,Expert,True
puzzle_317,6,AAA***AAA**AAAAAAAA*A*AAA*AA*AAAA*AA,.x.........x...x..x.......x.......x.,200,Expert,True
puzzle_318,6,AAAA**A*AA**AAA*AAA***AAAA*A*AAAAAA*,...x..x.......x........x.x........x.,200,Expert,True
puzzle_319,6,AA*AAAA*AAAAAAAAAAA***AA*A*A*A**A*A*,...x..x.......x........x.x........x.,200,Expert,True
puzzle_320,6,*AA**AA*AAAAAAAA*A*AA*A****AAA*A**AA,.....x...x..x.......x.......x..x....,200,Expert,True
puzzle_321,6,AAAAA**A*A*AA***AAAAA*AAA*AA**AAAA**,....x..x.........x..x...x........x..,200,Expert,True
puzzle_322,6,AA*AAAA*AAA****AAAA**A*AAA*A*AA*AAAA,x.......x........x...x...x........x.,201,Expert,True
puzzle_323,6,AAA*AA*AAA*AAAA***AAA**AA*A*AAAAAA*A,.....x...x..x.......x.......x..x....,201,Expert,True
puzzle_324,6,*AA***AA*A*AA***AA*A**AAAAA*A*AAAA**,..x........xx.........x..x.......x..,201,Expert,True
puzzle_325,6,**AAA**AAA**AA**A*AA***AAAA*AAAA*AA*,....x...x...x..........x.x.......x..,201,Expert,True
puzzle_326,6,***AA*A*AAAAAA***AAA**A**AAAAA**AAAA,...x..x..........x.x........x...x...,201,Expert,True
puzzle_327,6,AAAA*AA*A*AAAAA**AAAA****AAA*A*A**AA,.x........x...x...x........x.......x,201,Expert,True
puzzle_328,6,AAAAA*AAAA*AAAA****AAA**A*AAA*AAAA*A,...x.......xx.......x.......x..x....,201,Expert,True
puzzle_329,6,AAA*AAAA**AAAA***AAAA*A***AA*AA*AAA*,.x........x.x.......x........x...x..,202,Expert,True
puzzle_330,6,A*AAAA**AAAAA*A**AAA**AAA*A*AAAA*AAA,...x.......x..x...x.........x..x....,202,Expert,True
puzzle_331,6,AAAA*A*AAAAA**A**A**AAA*AAAAAA*AA**A,x........x.......x..x.......x..x....,202,Expert,True
puzzle_332,6,*A***AAA**AAAAAAAA*AAAAA*AA*A*AA*AAA,.....xx.......x.......x..x.......x..,202,Expert,True
puzzle_333,6,A***A*AA**AA*AAAA*A*AA**AAAAA*AAAAAA,....x..x.......x..x.......x........x,202,Expert,True
puzzle_334,6,*A***AAA**AAA*AAAA*AAAAA*AA*A*AA*AAA,.....xx.......x.......x..x.......x..,202,Expert,True
puzzle_335,6,***AAAA**AAAAAAAAAA****AA*A*AAAA*AAA,...x.......x..x...x.........x..x....,202,Expert,True
puzzle_336,6,*AAAAA**A**A**A*AAAAA**AAAA*AAAAAAAA,...x.......x..x...x.........x..x....,202,Expert,True
puzzle_337,6,*AAAAAA*A*AAA****AAAAAAAA*AAAA***AAA,.x........x.x.......x........x...x..,202,Expert,True
puzzle_338,6,AAAAA*AAAA*AAAA****AAA**A*AAA**AAA*A,...x.......xx.......x.......x..x....,202,Expert,True
puzzle_339,6,AAAAA*AA*A*AA***AA***AAAA*AAAAAAAA**,....x..x.........x...x..x.......x...,203,Expert,True
puzzle_340,6,AAAAAAAA*A*AA**AAAAA**A*AAAA**AAAA**,..x........xx.........x..x.......x..,203,Expert,True
puzzle_341,6,AAA***AAA**AA**AA*A*AAAAA*AA***AA*AA,.x.........x...x..x.......x.......x.,204,Expert,True
puzzle_342,6,AAAAA*AA***AAA*AAA**AAA***AA*A*A*AAA,...x..x.........x...x........x.x....,204,Expert,True
puzzle_343,6,AAA*A*A*AA***AAA**AAA*AAA***AAAAAAAA,....x.x........x...x.........x..x...,204,Expert,True
puzzle_344,6,AAAAAAA***AAAAA*AA*AAA**A*AA**AAAAA*,..x........x.x.......x..x.........x.,204,Expert,True
puzzle_345,6,*AAAAAAA*AAAA***AA*A*AAA*AAAA*AA****,..x.......x.x..........x...x...x....,204,Expert,True
puzzle_346,6,***AA*A*AAAA*AAA*AAA*A*AAAAAAAA****A,....x...x........x.x.......x..x.....,204,Expert,True
puzzle_347,6,A****AAAAAAAAAAA*A*AAA*AA*AAAA***AA*,x........x...x.........x..x.......x.,204,Expert,True
puzzle_348,6,***AAA**AAAAAAAAAAAAA**AAAA*AAA*AAA*,....x...x...x..........x.x.......x..,205,Expert,True
puzzle_349,6,***AAA**AAAAAAAAAA*AA**AAAA*AAA*AAA*,....x...x...x..........x.x.......x..,205,Expert,True
puzzle_350,6,AAA***AA*AA***AAAA**AAA*A*AA*AAAAAAA,.x.......x.......x..x...x.........x.,205,Expert,True
puzzle_351,6,AA*A**A*AAA*AAAAA*AAAAAAA***AAAA**AA,...x..x.........x...x........x.x....,205,Expert,True
puzzle_352,6,AAA***AAAA***AAAA*A**AAAAA**AAAAAAAA,..x...x........x.......x.x........x.,205,Expert,True
puzzle_353,6,***AAA**AAAAAAAAAA*AA**AAAA*AAA*AA*A,....x...x...x..........x.x.......x..,205,Expert,True
puzzle_354,6,**AAAA**AAA**AAAAAAAA**AAAA*A*AAAAAA,..x.......x..x.........xx........x..,205,Expert,True
puzzle_355,6,AAAA*AA**AAAA**AAAAAAAAAAAAA**AAA***,..x.......x.x..........x...x...x....,206,Expert,True
puzzle_356,6,AA*AAAA***A*AA*AA*AAAAAAAAAAA***A*A*,.....xx........x...x........x...x...,206,Expert,True
puzzle_357,6,A*A*A*A*AA***AAAA*AAAAAAA***AAAAA*AA,....x.x........x...x.........x..x...,207,Expert,True
puzzle_358,6,AAA*A*A*AA***AAAA*AAAAAAA***AAAAA*AA,....x.x........x...x.........x..x...,207,Expert,True
puzzle_359,6,AAAAA**AA**A***AAA*AAAAAAA**AA*A***A,...x...x........x...x...x..........x,208,Expert,True
puzzle_360,6,***AAAAA*AA*AAA***AAAA*AA*A*AAAAAAAA,.....x...x..x.......x.......x..x....,208,Expert,True
puzzle_361,6,AAA*AAAA*AAAA***A*AA*AA*AAAAA*AAAA**,..x........xx.........x..x.......x..,209,Expert,True
puzzle_362,6,AAAA*AAAAA**AAAA**AAAAAA*A*AAAA****A,...x..x.......x.......x..x.........x,209,Expert,True
puzzle_363,6,AAAAAAAAAAA*AAAA**AAAAA****AA*A**AAA,.x........x...x...x........x.......x,209,Expert,True
puzzle_364,6,A*AA*AAAAA**AAAA**AAAAAAAA*AAAA****A,...x..x.......x.......x..x.........x,209,Expert,True
puzzle_365,6,AA*AAA*AAAA***AAAA***AAA*AA*AAAAA**A,....x..x.......x.......x..x...x.....,209,Expert,True
puzzle_366,6,**AAAA**AAA**AAAAAAAA**AAAA*AAAAAAAA,..x.......x..x.........xx........x..,210,Expert,True
puzzle_367,6,AAAA**AAAA**AA**A*A**AAAAA*AAAAAA*AA,...x...x........x.x..........x..x...,210,Expert,True
puzzle_368,6,AAAAAAAA*AAAA**AAAAAAAA**AAA**AA*A**,..x........xx.........x..x.......x..,210,Expert,True
puzzle_369,6,*AAAAA*A*AAAA**AAAAAAAA**AAA**AAAA**,..x........xx.........x..x.......x..,210,Expert,True
puzzle_370,6,**AAAA**AAAA*A**AAAAA**AAAA*AAAAAAAA,..x.......x..x.........xx........x..,210,Expert,True
puzzle_371,6,AAAA***AAA**AAAAA*A**AAAAA*AAAA*AAAA,...x...x........x.x..........x..x...,210,Expert,True
puzzle_372,6,A*AAAAAAA*A**AA**AAAAAAA**AAAA***AAA,...x...x.........xx.......x.......x.,210,Expert,True
puzzle_373,6,AA***AA***AA*AA*A*AAAA**AAAAA*AAAAAA,.x........x...x...x........x.......x,211,Expert,True
puzzle_374,6,AAAAAA*AAAAA**AAAA*A*AAAAA***AAA**AA,x.......x........x...x...x........x.,212,Expert,True
puzzle_375,6,AAAAAAA*AAAA**AAAA**AAA*AAAA*AAAA***,...x..x.........x...x........x.x....,213,Expert,True
puzzle_376,6,AAAAA**A*AA*AA*AA*AAAAAAAA**AA*A**A*,..x.......x.x........x.......x.x....,219,Expert,True
puzzle_377,6,A*AAAAAA*AA*A***A*AA*AAA*A**A**AAAA*,..x.......x.x..........x.x.......x..,221,Expert,True
puzzle_378,6,AAAAAAA*A**AAA**A*AAAAAA**A*AA**A*AA,...x..x.........x..x.........x..x...,227,Expert,True
puzzle_379,6,AAA*AAAAAA****A**AAAAAAA**AA*A**A*AA,.x.......x.......xx.......x.......x.,227,Expert,True
puzzle_380,6,**A*AA**A*AAAAAAAAAAA*A*A*A**AAAAAAA,..x........x.x........x.x........x..,227,Expert,True
puzzle_381,6,AAAA**A*AA**AAA*AAA**A**A*AAAAAA*AAA,.x.......x.......xx.......x.......x.,227,Expert,True
puzzle_382,6,AA*A*AA***A**A***AAAAA*AA*A**A*AAAAA,x.........x..x.......x.......x..x...,227,Expert,True
puzzle_383,6,A*A*AA*A***AA***A*A*AAAAA**A*AAAAAAA,.....x.x........x...x...x........x..,227,Expert,True
puzzle_384,6,*A***AA***AA*AAAA**AAA*A*AA*AAAAAAAA,.....xx........x...x........x...x...,228,Expert,True
puzzle_385,6,AAAAAAAA*AA*AA**A*AA*AAA*A*AA***AAA*,..x.......x.x..........x.x.......x..,228,Expert,True
puzzle_386,6,**A**AAAAAAA*AA*AAA****AAAAAAA**AAAA,..x.......x..x.........xx........x..,230,Expert,True
puzzle_387,6,AA*AAAAA*AA*A***A*AA*AAAAAAAA*AAA*A*,.x.......x..x..........x..x.......x.,232,Expert,True
puzzle_388,6,AAAA*A*A*AA*A**AAA****AAAA**AA*AAAAA,..x.......x.x..........x.x.......x..,232,Expert,True
puzzle_389,6,A*AAAAA**AA*A***A*AAAAAAAAAAA*A*AAA*,..x.......x.x..........x.x.......x..,232,Expert,True
puzzle_390,6,AAAAA****AA*A***AA*A*AAAAAAAAAA**A**,..x.......x.x..........x.x.......x..,232,Expert,True
puzzle_391,6,AAAAAA***AA*A***AA*A*AAAAAAAAAA**A**,..x.......x.x..........x.x.......x..,232,Expert,True
puzzle_392,6,**AAA**A*AA*AAAAAAAA**A*AA*AA*A*AAAA,...x...x.........xx.........x...x...,233,Expert,True
puzzle_393,6,A**A**AAAAAAAA*AAAA**A*AAAAAA*AAAA**,...x...x.........xx.........x...x...,233,Expert,True
puzzle_394,6,A*AAAA*AA*A**AA**AAA*****A**AAAAAAA*,...x...x.........xx.........x...x...,233,Expert,True
puzzle_395,6,A*AAAA*AA*A*AAA**AAA*****A**AAAAAAA*,...x...x.........xx.........x...x...,233,Expert,True
puzzle_396,6,AAAAAAAA**AA****AAA**AAA*A*AA*AAAA*A,...x...x.........xx.........x...x...,233,Expert,True
puzzle_397,6,**AAAAAA*A**A***AAA**AAA*A*AA**AAA*A,...x...x.........xx.........x...x...,233,Expert,True
puzzle_398,6,A*AAAAAA*A**A***AAA**AAA*A*AA**AAA*A,...x...x.........xx.........x...x...,233,Expert,True
puzzle_399,6,AAAA*A*AA*A***A**A*AAAAAA*AAAA**AA**,.x........x...x........xx........x..,233,Expert,True
puzzle_400,6,**A**AAAAAAA*AA*AAAAA****AA*AAAAAAAA,..x...x.........x..x.........x...x..,234,Expert,True
puzzle_401,6,AAAAAAA**AAAAAAAAAA***A**A***AAAA*AA,...x..x.......x.......x..x.........x,234,Expert,True
puzzle_402,6,A*A*AAAAAA*AAAA***A*A**AA*A*AAAAAA*A,.....x...x..x.......x.......x..x....,234,Expert,True
puzzle_403,6,AAA*AAAAAA*AAAA***AAA**AA*A*AAAAAA*A,.....x...x..x.......x.......x..x....,234,Expert,True
puzzle_404,6,AA*AAAA*AAAA***AAAA**AAA*A*A*A**AAAA,x.......x........x...x...x........x.,234,Expert,True
puzzle_405,6,AAAAAAA**AAAAAAAAAA***AA*A***AAAA**A,...x..x.......x.......x..x.........x,234,Expert,True
puzzle_406,6,AAAAA*A*AAAAAAAAA*A***A**A***AAAA*AA,...x..x.......x.......x..x.........x,234,Expert,True
puzzle_407,6,*AAAAAAAAA*AAAAAAA*A***AA***A*AA*AAA,..x........x...x...x........x.x.....,234,Expert,True
puzzle_408,6,AAAAA**AAA*AAAA****AA**AAAAAAA**AA*A,....x...x...x..........x.x.......x..,234,Expert,True
puzzle_409,6,A*AA**AAAAAAA**AA****AAAA*AAA*AAAAAA,..x.......x.x..........x...x...x....,234,Expert,True
puzzle_410,6,AAAAAA*AAA*AAAAAAAAA***AA***A*A**AAA,..x........x...x...x........x.x.....,234,Expert,True
puzzle_411,6,AAAAAAA**AAAA*AAAAA***A**A***AA*A*AA,...x..x.......x.......x..x.........x,234,Expert,True
puzzle_412,6,AAAAAAAA*AAAA***A*AAAAAAA*AA**AAA***,..x.......x.x..........x...x...x....,235,Expert,True
puzzle_413,6,*AAAAAA*AA*AA****A*AAAAAAAA**AAAA***,....x...x...x........x.......x.x....,235,Expert,True
puzzle_414,6,A*AAA**A*A*AA**AAA***AAAA*AA*AAA*AAA,....x..x.......x.......x..x...x.....,235,Expert,True
puzzle_415,6,*A*AA*A***A*AA***AAAAAAAAAA**AAAA*AA,.x........x.x........x.......x..x...,235,Expert,True
puzzle_416,6,**AAAAAA*A*AA**AA****AAAA*AAAA*AAAAA,....x..x.......x.......xx.......x...,235,Expert,True
puzzle_417,6,AAA*AAAAAA*AAAAAAAAA***AA***A**A*AAA,..x........x...x..x.........x..x....,235,Expert,True
puzzle_418,6,AAAA**A*A*A*A*A**AAAA***AAAA*AAA**AA,.x........x...x...x........x.......x,235,Expert,True
puzzle_419,6,AAA*AAAAAA*AAAA***A*A**AA*A*A*AAAA**,.....x...x..x.......x.......x..x....,235,Expert,True
puzzle_420,6,AAAAAAAAAA*AAAAAAA*A***AA***A*AA*A*A,..x........x...x...x........x.x.....,235,Expert,True
puzzle_421,6,AAA*AAAAAA*AAAA***AAA**AA*A*AAAAAA**,.....x...x..x.......x.......x..x....,235,Expert,True
puzzle_422,6,AA*A**AAAA**AA*AA*A**AAAAA*A*A*AA*AA,...x...x........x.x..........x..x...,235,Expert,True
puzzle_423,6,***AAA**AA*AAAAAAA*A***AAAA*AAAAAAA*,....x...x...x..........x.x.......x..,235,Expert,True
puzzle_424,6,A***A**A***AAAA*AAAAA*AAA*AAAAAAAAA*,....x..x.........x..x...x........x..,237,Expert,True
puzzle_425,6,*A***AA***A*AA*AAAAA*AAAAAAA*AAAAAAA,.x........x.x........x.......x..x...,237,Expert,True
puzzle_426,6,AA*A**A*AA**A*AAA*A**A*A*A*A*AAAAAA*,...x..x.......x........x.x........x.,237,Expert,True
puzzle_427,6,*A*AA***A**A*AA*AAAAA**AA***AAAAAAAA,...x.......x..x...x.........x..x....,238,Expert,True
puzzle_428,6,AAAA*AA*AAAAA**AA*A*A*AAAAAAAAA****A,.x.......x..x.........x...x........x,239,Expert,True
puzzle_429,6,**AAAAAA*AA*AA**A*AA*AAA*AAAA***AAA*,..x.......x.x..........x.x.......x..,240,Expert,True
puzzle_430,6,*AAAAA**AA*AA*AAAAAA**A*A****AAAAAAA,.x.........x..x.......x.x........x..,241,Expert,True
puzzle_431,6,AAAAA*A*AA*AAAAA**AAAAA***AAAA***AA*,.x.........x...x..x.......x.......x.,241,Expert,True
puzzle_432,6,AA*A**AAAA**AAAAA**A*AAAA***AAA*A*AA,...x..x.........x..x.........x..x...,241,Expert,True
puzzle_433,6,AAA***AAAA****AAAAA**AA*A*AAAAAA*AAA,.x.......x.......xx.......x.......x.,241,Expert,True
puzzle_434,6,A****AAAAAAAAAAA*A*AAA*AA*AAA*A**AAA,x........x...x.........x..x.......x.,242,Expert,True
puzzle_435,6,A****AAAAAAAA*AAAAA*AAA*AAAA*AAAA**A,.....x..x.......x.x........x...x....,242,Expert,True
puzzle_436,6,AAA***AAA**AA**AAAA***AAA*AA*AAAAAAA,.x.........x...x..x.......x.......x.,242,Expert,True
puzzle_437,6,*AAA**A*AA**AA*AAAA**AA**A*A*AAAA*AA,..x...x..........x...x...x........x.,243,Expert,True
puzzle_438,6,AAAAA*AA*A*AA***AA*AAAAAA*AA**AA*A**,....x..x.........x..x...x........x..,243,Expert,True
puzzle_439,6,AAAAAAAA*A*AA**AA*AA*AAAA*AA***AAA**,....x..x.......x.......xx.......x...,243,Expert,True
puzzle_440,6,***AA*AAAAA*AA**A*AA**AAAAA*AAAA*AA*,....x...x...x..........x.x.......x..,244,Expert,True
puzzle_441,6,AAAAAAAA**AAAAA**A*AA*AA**A**A*A*AA*,.x........x.x.......x........x...x..,245,Expert,True
puzzle_442,6,*AAAA*A**A**AA*AA*A**AAAAA**AAAAAAAA,..x...x........x.......x.x........x.,245,Expert,True
puzzle_443,6,A***AA*A**A*AAA*A*AAAAA*AAAAA*AAAAAA,.....x.x........x...x...x........x..,246,Expert,True
puzzle_444,6,AA*A**AAAA**AA*AA*A**AAAAA*AAAA*AAAA,...x...x........x.x..........x..x...,246,Expert,True
puzzle_445,6,AA*A**AAAA**AA*AA*A**AAAAA*AAAAAAAAA,...x...x........x.x..........x..x...,246,Expert,True
puzzle_446,6,***AAA**AAAAAAAAAA*A***AAAA*AAAAAA*A,....x...x...x..........x.x.......x..,246,Expert,True
puzzle_447,6,AA*A**AAAA**AA*AA*A**AAAAA*AAA*AAAAA,...x...x........x.x..........x..x...,246,Expert,True
puzzle_448,6,AA*AAAAA***AAA**AA**AAAA*AAA*A*AAAAA,...x..x.........x...x........x.x....,247,Expert,True
puzzle_449,6,AAA***AAA**AA*AAAAA*AAAAA*AA*AAAA*AA,.x.........x...x..x.......x.......x.,247,Expert,True
puzzle_450,6,AA*AAA**AA*AA*AA*AAAAA**A**AAA***AAA,.x.......x.......x..x...x.........x.,247,Expert,True
puzzle_451,6,*A*AAA**AAA**AAAA*AAAAA*AA**A*A*AAAA,.....x...x...x........x.x.......x...,248,Expert,True
puzzle_452,6,*AAAAAA***AAAA**AAAAAA**A*AA**AAAAA*,..x........x.x.......x..x.........x.,248,Expert,True
puzzle_453,6,AAAAA*A*AA**AAAA**AA**AAA***AAAAAAAA,....x.x........x...x.........x..x...,248,Expert,True
puzzle_454,6,AA**A**AA**A*AAAAA**AAAA**A*AAA*AA*A,....x..x.......x.......x..x...x.....,249,Expert,True
puzzle_455,6,AA***A*AA**A***AAA**AAAA*AAAA*AAAAAA,x.......x........x...x...x........x.,252,Expert,True
puzzle_456,6,AAAAAAAAAA**AAAA**AAA*A*AA**AAA****A,...x..x.......x.......x..x.........x,252,Expert,True
puzzle_457,6,AAAA*A*AAAAA**AAAAAA*AAAAA**AAA****A,..x........x...x...x........x.x.....,252,Expert,True
puzzle_458,6,AAAAAAAAAAA*AAAA**AAA*AAAA**AAA****A,...x..x.......x.......x..x.........x,252,Expert,True
puzzle_459,6,AAAAAA*AAA*A*AAA*A*AAAAAAA**AA*A***A,x........x.......x..x.......x..x....,253,Expert,True
puzzle_460,6,A**AAAAA*AA*AAA***AAAA**AAAA*AAAA*AA,x.........x..x.......x.......x..x...,254,Expert,True
puzzle_461,6,AAAAAAA**AA*A***A*AA*AAAAA**A*AAAAA*,..x.......x.x..........x.x.......x..,262,Expert,True
puzzle_462,6,A**A**AAAAAAAA*AA*A****AA**AAAAAAAAA,...x...x........x.x..........x..x...,264,Expert,True
puzzle_463,6,*AAA*A*A*AA*A**A**A**AAAAAA*A*AA*A**,..x.......x.x..........x.x.......x..,265,Expert,True
puzzle_464,6,AAAAAAA**AA*A***A*AA*AAAAA*AA*A*AAA*,..x.......x.x..........x.x.......x..,268,Expert,True
puzzle_465,6,*AA**A*A*AA*A**AAAAA**AA*A*A*A**AAAA,..x.......x.x..........x.x.......x..,269,Expert,True
puzzle_466,6,**A**AAAAAAAA*A*A*A****AAAAAAA***AAA,..x.......x.x..........x.x.......x..,269,Expert,True
puzzle_467,6,AAA**A*A**A**AAAA***A*AA*AA*AAAAAAAA,x.........x...x........x.x.......x..,270,Expert,True
puzzle_468,6,AAAA*AAAA*AAAA****AAA**A*AA*A*A*AAAA,..x.......x.x..........x.x.......x..,271,Expert,True
puzzle_469,6,A**A**AAAAAA*A*AA*A***AA***AAAAAA*AA,...x...x........x.x..........x..x...,271,Expert,True
puzzle_470,6,A*A*AAAA*AA*A****AAAA*AA*AAA*AA**AAA,..x.......x.x..........x.x.......x..,271,Expert,True
puzzle_471,6,AAA*AAAA*AA**A**A*AAAAAA*AAA***AAAA*,x........x...x.........x..x.......x.,273,Expert,True
puzzle_472,6,A*AA*A*AAA*AAAA*AAA****AAA**A*A*AAAA,...x...x.........xx.........x...x...,275,Expert,True
puzzle_473,6,A**AAA*AA*A*A*A**AAA**A*A***AA*AAAAA,...x...x.........xx.........x...x...,276,Expert,True
puzzle_474,6,A**A**AAAAAAAA*AAAA**AAA*AAAA**AAA**,...x...x.........xx.........x...x...,282,Expert,True
puzzle_475,6,AAAAAAA*AA*AA**AAA***AAAA*A*AAAAAA**,....x...x...x........x.......x.x....,283,Expert,True
puzzle_476,6,A*AA*A*AAAAA**AA*A**AAA*AAAAAA*AA**A,x........x.......x..x.......x..x....,283,Expert,True
puzzle_477,6,AAAAAAAAAAA*A*AA**AAAAA*AA**AAA***A*,.....x..x...x........x...x........x.,289,Expert,True
puzzle_478,6,AAAAAA*AAAA***AA*A**AAAAAAA**AAA***A,....x..x.......x.......x..x...x.....,291,Expert,True
puzzle_479,6,AAAAAAAAAAA*AAAA**AAA*A**A**AAA***AA,...x..x.......x.......x..x.........x,296,Expert,True
puzzle_480,6,AAAAAAAA*AA**A*AA*AAAAA*AA**AA*A**A*,...x..x.........x...x........x.x....,300,Expert,True
puzzle_481,6,A*AAA*AA**A*AAAA*AA***A*A**AA**AAAAA,...x...x.........xx.........x...x...,305,Expert,True
puzzle_482,6,A*AAA**A*A*A*AA**AA****AAA*AAAA*AAAA,...x...x.........xx.........x...x...,307,Expert,True
puzzle_483,6,A*AAAAAA*AAAA****A*AA**A*A*A*AA*AAAA,..x.......x.x..........x.x.......x..,307,Expert,True
puzzle_484,6,**A**AAAAAAAAAA*AAA*A**A*AA**A*AAAAA,..x.......x.x..........x.x.......x..,312,Expert,True
puzzle_485,6,A*AAA**A*AA*AAAAAAA***A*A**AA*AAAAAA,...x...x.........xx.........x...x...,312,Expert,True
puzzle_486,6,AAA*A*A**AA*A**A*A*A*AAAAAAAAAA**A**,..x.......x.x..........x.x.......x..,312,Expert,True
puzzle_487,6,**AAA*AA*AA*AAAAAAA***A*A**AA*AAA*AA,...x...x.........xx.........x...x...,312,Expert,True
puzzle_488,6,A**A**AAAAAA*A*AAAA**A*AA**AA*AAAAAA,...x...x.........xx.........x...x...,312,Expert,True
puzzle_489,6,AAAAAA*AA**AA*A**AAAA*AAAAAAAA**A**A,...x...x.........xx.........x...x...,312,Expert,True
puzzle_490,6,*AAA*AA*AAA*AA*AA*A****A*AAAAA**AA*A,..x.......x.x..........x.x.......x..,313,Expert,True
puzzle_491,6,AAAAAAAA*AA*A***A*A**AAA*A*AA*AAA*A*,..x.......x.x..........x...x...x....,314,Expert,True
puzzle_492,6,A*A*AAAAAAA*A**A**AAAA**AA*A*AA**AA*,.....x..x...x........x...x........x.,318,Expert,True
puzzle_493,6,A*AAA**AAA*AAAA**AA****AAA*AAA**A*AA,...x...x.........xx.........x...x...,319,Expert,True
puzzle_494,6,AA*A*AAAA*AAA****AA**AAAA*AAA**AAA*A,...x...x.........xx.........x...x...,319,Expert,True
puzzle_495,6,AA*A*AAAA*AAA****AA**AAAA*AAA*AAAA*A,...x...x.........xx.........x...x...,319,Expert,True
puzzle_496,6,AAAAAA*AAAAA*AAAAAAA*AAA*A**A*A****A,..x........x...x...x........x.x.....,332,Expert,True
puzzle_497,6,A*AAAA*AAA*A*AA**AA****AAAAAAAA*AA*A,...x...x.........xx.........x...x...,349,Expert,True
puzzle_498,6,A**AA**AA*A*AAA*AAAA**AAA***A*AAAAAA,...x...x.........xx.........x...x...,350,Expert,True
puzzle_499,6,AAAAAAAA***AAA**AAA**A*A*A*AA*AAAA*A,...x...x.........xx.........x...x...,350,Expert,True
puzzle_500,6,A**AAA*AAAAA**A**AA*AAAAAAAAAAA****A,...x...x.........x..x.......x.x.....,351,Expert,True
puzzle_501,6,**A*AAAA*AA*AAA**AAA**A*A*AAAA*AAAAA,.....x...x...x........x.x.......x...,2613,Grandmaster,True
puzzle_502,6,AAAAAAAA*A*AA*A*AAAAA*AAAAAA**AAA***,....x.x.......x........x...x...x....,2635,Grandmaster,True
puzzle_503,6,AAAA****AA*AA*AAAAAA**AAAA*A*AAAA*AA,x.......x.......x..x.......x.......x,2727,Grandmaster,True
puzzle_504,6,A*A*A*AA*AA*AAA**AAAA*A**AAA*AAAAAAA,x........x...x........x...x........x,2777,Grandmaster,True
puzzle_505,6,AA*AA**AA**AA*A*A*AA*AAAAAAAAAA*A*A*,...x...x........x.x..........x..x...,3099,Grandmaster,True
